"Identificador de URL";"Nombre";"Categorías";"Nombre de propiedad 1";"Valor de propiedad 1";"Nombre de propiedad 2";"Valor de propiedad 2";"Nombre de propiedad 3";"Valor de propiedad 3";"Precio";"Precio promocional";"Peso (kg)";"Alto (cm)";"Ancho (cm)";"Profundidad (cm)";"Stock";"SKU";"Código de barras";"Mostrar en tienda";"Envío sin cargo";"Descripción";"Tags";"Título para SEO";"Descripción para SEO";"Marca";"Producto Físico";"MPN (Número de pieza del fabricante)";"Sexo";"Rango de edad";"Costo"
"whey-protein-labs-nutrition-1kg-polvo-sabor-americana-americana-1b8fg";"Whey Protein Labs Nutrition 1kg Polvo Sabor Americana Americana";"Marcas > Suplementos Nacionales Deportivos > Labs Nutrition, Suplementos > Proteínas";"";"";"";"";"";"";"52,151.00";"49,543.00";"1.00";"0.00";"0.00";"0.00";"15";"LABS0 PROTE 1KG AMERICANA";"";"SI";"NO";"Whey Protein Labs Nutrition es un suplemento de proteína de suero de alta calidad, diseñado especialmente para quienes buscan potenciar su rendimiento deportivo. Con un 80% de proteína en cada porción, este polvo es ideal para ayudar en la recuperación muscular y el desarrollo de masa magra. Su sabor Americana ofrece una experiencia deliciosa que hará que cada batido sea un placer.<br />
<br />
Cada envase contiene 1 kg de producto, lo que se traduce en 30 porciones de 33 g cada una, proporcionando 24 g de proteína por porción. Este suplemento es perfecto para adultos a partir de 18 años que desean mejorar su nutrición y alcanzar sus objetivos de fitness. <br />
<br />
Whey Protein Labs Nutrition no es vegano y contiene lactosa, por lo que es importante tener en cuenta las necesidades dietéticas individuales. Su formato en pote facilita el almacenamiento y la dosificación, convirtiéndolo en una opción práctica para cualquier rutina de entrenamiento. <br />
<br />
Incorpora este suplemento en tu dieta diaria y experimenta la diferencia en tu rendimiento físico. Ideal para deportistas y entusiastas del fitness, este producto se convierte en un aliado esencial en tu camino hacia una mejor salud y bienestar.";"Labs, proteina, Recuperacion, Suplemento, tamano-1kg, Whey";"Whey Protein Labs Nutrition 1kg Polvo Sabor Americana";"Suplemento de proteína de suero 80%, ideal para músculo y recuperación. Sabor Americana. ¡Potenciá tu entrenamiento con Labs Nutrition!";"Labs Nutrition";"SI";"";"";"";"30,026.00"
"whey-protein-labs-nutrition-1kg-polvo-chocolate-80-chocolate-x9ida";"Whey Protein Labs Nutrition 1kg Polvo Chocolate 80% Chocolate";"Marcas > Suplementos Nacionales Deportivos > Labs Nutrition, Suplementos > Proteínas";"";"";"";"";"";"";"52,151.00";"49,543.00";"1.00";"0.00";"0.00";"0.00";"15";"LABS0 PROTE 1KG CHOCOLATE";"";"SI";"NO";"Whey Protein Labs Nutrition es un suplemento de proteína de suero de alta calidad, diseñado especialmente para quienes buscan potenciar su rendimiento deportivo. Con un 80% de proteína en cada porción, este producto es ideal para ayudar en la recuperación muscular y el desarrollo de masa magra. Su delicioso sabor a chocolate convierte cada batido en una experiencia placentera, facilitando su incorporación en tu rutina diaria.<br />
<br />
Cada pote contiene 1 kg de polvo, ofreciendo un total de 30 porciones de 33 g, lo que asegura un suministro prolongado para tus entrenamientos. Con 24 g de proteína por porción, este suplemento es perfecto para adultos a partir de 18 años que desean mejorar su ingesta proteica. <br />
<br />
Whey Protein Labs Nutrition no es vegano y contiene lactosa, por lo que es importante tener en cuenta las necesidades dietéticas individuales. Este producto es una excelente opción para quienes buscan un suplemento eficaz y sabroso que complemente su dieta y estilo de vida activo.";"Chocolate, Labs, proteina, Suplemento, tamano-1kg, Whey";"Whey Protein Labs Nutrition 1kg Chocolate 80% proteína";"Disfrutá Whey Protein Labs Nutrition: 1kg, 80% proteína y sabor chocolate. Ideal para recuperación muscular. ¡Mejorá tu entrenamiento hoy!";"Labs Nutrition";"SI";"";"";"";"30,026.00"
"whey-protein-1-kg-labs-nutrition-proteina-de-suero-80-frambuesa-1plyc";"Whey Protein 1 Kg Labs Nutrition - Proteina De Suero 80% Frambuesa";"Marcas > Suplementos Nacionales Deportivos > Labs Nutrition, Suplementos > Proteínas";"";"";"";"";"";"";"74,876.00";"49,543.00";"1.00";"0.00";"0.00";"0.00";"15";"LABS0 PROTE 1KG FRAMBUESA";"";"SI";"NO";"WHEY PROTEIN - Proteína de alta calidad para el rendimiento diario<br />
<br />
Whey Protein Labs Nutrition es un suplemento nutricional formulado con proteína de suero de leche de rápida absorción, ideal para potenciar el desarrollo muscular, acelerar la recuperación y complementar la alimentación de forma práctica y efectiva.<br />
Cada porción aporta proteína concentrada al 80%, garantizando un perfil de nutrientes fundamentales para la reparación y el crecimiento muscular después del entrenamiento.<br />
Su fórmula es fácil de digerir, con gran solubilidad y un sabor delicioso que se adapta a la rutina, ya sea después de entrenar o en cualquier momento del día.<br />
<br />
Beneficios:<br />
Favorece el crecimiento y mantenimiento de la masa muscular.<br />
Incrementa la fuerza y resistencia.<br />
Mejora la recuperación post-entrenamiento.<br />
Alto contenido proteico, 80% concentración.<br />
Ideal para consumir antes o después del ejercicio.<br />
<br />
Modo de uso: Mezclar una porción de 33 g en 200-250 ml de agua o leche. Consumir 1 vez al día.";"Frambuesa, Labs, proteina, Suplemento, tamano-1kg, Whey";"Whey Protein 1Kg Labs Nutrition frambuesa 80% proteína";"Aumentá tu masa muscular con Whey Protein Labs Nutrition 80% frambuesa. Recuperate más rápido y disfrutá su sabor. ¡Probalo ahora!";"Labs Nutrition";"SI";"";"";"";"30,026.00"
"super-proteina-diabla-660g-doy-pack-cacao-vegano-cacao-1ttqy";"Super Proteína Diabla 660g Doy Pack Cacao Vegano Cacao";"Marcas > Suplementos Nacionales Deportivos > Diabla, Suplementos > Proteínas";"";"";"";"";"";"";"89,376.00";"56,143.00";"0.00";"0.00";"0.00";"0.00";"32";"DIABLA0 SUP PROTEÍNA DOY CACAO";"";"SI";"NO";"Super Proteína Diabla 660g Doy Pack Cacao Vegano es la opción ideal para quienes buscan un suplemento nutricional de alta calidad. Con un sabor a cacao irresistible, este producto está diseñado para satisfacer las necesidades de aquellos que llevan un estilo de vida activo y saludable. Su fórmula única combina aislado proteico de lupino y concentrado proteínico de arvejas, ofreciendo 21 g de proteína por porción, lo que lo convierte en un aliado perfecto para la recuperación muscular.<br />
<br />
Este suplemento es completamente vegano y libre de gluten, lo que lo hace accesible para una amplia variedad de dietas. Además, contiene 5 g de glutamina y 5 g de fibra alimentaria por porción, contribuyendo a una nutrición equilibrada y al bienestar general. Su presentación en Doy Pack facilita su almacenamiento y uso, asegurando que siempre tengas a mano una fuente de proteína de calidad.<br />
<br />
Ideal para adultos a partir de 18 años, Super Proteína Diabla es la elección perfecta para quienes buscan mejorar su rendimiento deportivo o complementar su dieta diaria. Con 0 g de azúcares y 0 g de carbohidratos, este suplemento se adapta a tus objetivos de salud y fitness sin comprometer el sabor. Incorpora Super Proteína Diabla en tu rutina y experimenta la diferencia en tu energía y bienestar.";"Diabla, Proteina, proteina-vegetal, Recuperacion, SinGluten, tamano-660g, Vegana";"Super Proteína Diabla cacao vegano 660g alta recuperación";"Suplemento vegano sin gluten con 21g de proteína, glutamina y fibra. Ideal para recuperación muscular. ¡Incorporalo y potencia tu bienestar!";"Diabla";"SI";"";"";"";"34,026.00"
"diabla-super-proteina-vainilla-660g-suplemento-nutricional-vainilla-peb05";"Diabla Super Proteína Vainilla 660g Suplemento Nutricional Vainilla";"Marcas > Suplementos Nacionales Deportivos > Diabla, Suplementos > Proteínas";"";"";"";"";"";"";"89,376.00";"56,143.00";"0.66";"0.00";"0.00";"0.00";"37";"DIABLA0 SUP PROTEÍNA DOY VAINILLA";"";"SI";"NO";"Super Proteína Diabla es la opción ideal para quienes buscan potenciar su rendimiento físico y mejorar su nutrición diaria. Con un delicioso sabor a vainilla, este suplemento alimenticio está diseñado para satisfacer las necesidades de los deportistas y personas activas que desean incorporar una fuente de proteína de alta calidad en su dieta.<br />
<br />
Cada porción de 33 g proporciona 21 g de proteína, 5 g de glutamina y 5 g de fibra alimentaria, lo que lo convierte en un aliado perfecto para la recuperación muscular y el mantenimiento de la masa magra. Su fórmula está compuesta por aislado proteico de lupino y concentrado proteínico de arvejas, garantizando un producto vegano y libre de gluten, sin lactosa.<br />
<br />
El formato DOY PACK de 660 g es práctico y fácil de almacenar, ideal para llevar a cualquier lugar. Con 0 g de azúcares y carbohidratos, Super Proteína Diabla se adapta a diversas dietas, permitiendo disfrutar de un suplemento nutritivo sin comprometer tus objetivos de salud.<br />
<br />
Recomendado para mayores de 18 años, este producto es perfecto para quienes buscan un impulso en su rutina de ejercicios o simplemente desean mejorar su ingesta proteica diaria. Incorpora Super Proteína Diabla a tu dieta y experimenta la diferencia en tu bienestar y rendimiento.";"Diabla, proteina, Recuperacion, SinGluten, tamano-660g, Vegana";"Proteína Diabla Vainilla 660g Vegana Sin Gluten Recuperación";"Mejora tu rendimiento con Super Proteína Diabla Vainilla: 21g proteína, vegana, sin gluten y sin azúcar. ¡Impulsá tu bienestar y recuperate mejor!";"Diabla";"SI";"";"";"";"34,026.00"
"super-proteina-diabla-660g-frutos-rojos-doy-pack-frutos-rojos-synvv";"Super Proteína Diabla 660g Frutos Rojos Doy Pack Frutos Rojos";"Marcas > Suplementos Nacionales Deportivos > Diabla, Suplementos > Proteínas";"";"";"";"";"";"";"89,376.00";"56,143.00";"0.66";"0.00";"0.00";"0.00";"26";"DIABLA0 SUP PROTEÍNA DOY FRUTOS ROJOS";"";"SI";"NO";"Super Proteína Diabla 660g Frutos Rojos es la opción ideal para quienes buscan potenciar su rendimiento físico y mejorar su nutrición diaria. Este suplemento, de la reconocida marca Diabla, está diseñado para satisfacer las necesidades de los deportistas y entusiastas del fitness, ofreciendo una mezcla de proteínas de alta calidad que incluye aislado proteico de lupino y concentrado proteínico de arvejas.<br />
<br />
Con un delicioso sabor a frutos rojos, cada porción de 33 g proporciona 21 g de proteína, 5 g de glutamina y 5 g de fibra alimentaria, sin azúcares ni carbohidratos. Su fórmula vegana y libre de gluten lo convierte en una opción accesible para diversas dietas, asegurando que todos puedan disfrutar de sus beneficios sin preocupaciones.<br />
<br />
El formato Doy Pack de 660 g es práctico y fácil de almacenar, ideal para llevar a cualquier lugar. Ya sea que busques mejorar tu rendimiento en el gimnasio o simplemente complementar tu dieta, Super Proteína Diabla es la elección perfecta para alcanzar tus objetivos de salud y bienestar.";"Diabla, FrutosRojos, proteina, SinGluten, tamano-660g, Vegana";"Super Proteína Diabla Frutos Rojos 660g Vegana Sin Gluten";"Potenciá tu nutrición con Super Proteína Diabla Frutos Rojos 660g. Fórmula vegana, sin gluten, alta en proteínas. ¡Sumala a tu rutina saludable hoy!";"Diabla";"SI";"";"";"";"34,026.00"
"whey-gourmet-series-25-serv-optimum-nutrition-sabor-cookies-cookies-and-cream-5k4tl";"Whey Gourmet Series 25 Serv Optimum Nutrition Sabor Cookies Cookies And Cream";"Suplementos > Proteínas";"";"";"";"";"";"";"81,503.00";"77,427.00";"0.00";"0.00";"0.00";"0.00";"0";"OPTIM0 900G GOURMET COOKIES";"7798451604702";"SI";"NO";"Whey Gourmet Series de Optimum Nutrition es un suplemento de proteína en polvo diseñado para quienes buscan maximizar su rendimiento deportivo y mejorar su nutrición diaria. Con un delicioso sabor a cookies and cream, cada porción de 37 g proporciona 25 g de proteína de suero, ideal para la recuperación muscular y el desarrollo de masa magra.<br />
<br />
Este producto, presentado en un práctico bidón de 900 g, contiene 25 porciones, lo que lo convierte en una opción conveniente para quienes llevan un estilo de vida activo. Su fórmula está diseñada para ser consumida por adultos a partir de 18 años, y es perfecta para complementar una dieta equilibrada.<br />
<br />
Whey Gourmet Series no es vegano y contiene lactosa, por lo que es importante tener en cuenta las necesidades dietéticas individuales. Su contenido de aminoácidos esenciales apoya la recuperación y el crecimiento muscular, convirtiéndolo en un aliado para deportistas y entusiastas del fitness.<br />
<br />
Incorpora este suplemento en tu rutina diaria y disfruta de un sabor excepcional mientras cuidas de tu salud y rendimiento. Ideal para batidos, smoothies o incluso en recetas de repostería, Whey Gourmet Series es la elección perfecta para quienes buscan calidad y sabor en su suplementación.";"Cookies, Deportivo, Optimum, proteina, Suplemento";"Whey Gourmet Series Cookies & Cream 25 Serv Optimum Nutrition";"Suplemento de proteína premium sabor cookies and cream, 25 g por porción. Recuperación muscular y desarrollo. ¡Potenciá tu rendimiento ahora!";"Optimum";"SI";"";"";"";"46,925.00"
"optimum-nutrition-whey-gourmet-proteina-900g-chocolate-malt-chocolate-1ghbv";"Optimum Nutrition Whey Gourmet Proteína 900g Chocolate Malt Chocolate";"Marcas > Suplementos Importados > Optimum, Suplementos > Proteínas";"";"";"";"";"";"";"81,503.00";"77,427.00";"0.91";"0.00";"0.00";"0.00";"0";"OPTIM0 900G GOURMET CHOCO MALK";"7798451604696";"SI";"NO";"Optimum Nutrition Whey Gourmet Proteína 900g Chocolate Malt es la elección ideal para quienes buscan potenciar su rendimiento físico y mejorar su nutrición diaria. Este suplemento en polvo, elaborado con proteína de suero de leche de alta calidad, proporciona una fuente rica en aminoácidos esenciales que favorecen la recuperación muscular y el crecimiento.<br />
<br />
Diseñado para adultos a partir de 18 años, este producto es perfecto para deportistas y entusiastas del fitness que desean incorporar una proteína deliciosa y efectiva en su dieta. Su sabor a chocolate malt es irresistible, convirtiendo cada batido en una experiencia placentera.<br />
<br />
El formato en pote facilita su almacenamiento y uso, permitiendo medir porciones de 30 g con facilidad. Además, es libre de gluten, lo que lo hace accesible para personas con intolerancias, aunque contiene lactosa, por lo que no es apto para veganos.<br />
<br />
Incorporar Optimum Nutrition Whey Gourmet a tu rutina diaria no solo te ayudará a alcanzar tus objetivos de salud y fitness, sino que también mejorará tu experiencia de consumo con un sabor excepcional. Aumenta tu ingesta de proteínas de manera efectiva y disfruta de un batido que se adapta a tu estilo de vida activo.";"Chocolate, Deportivo, Optimum, proteina, Suplemento, tamano-900g";"Proteína Whey Gourmet 900g Chocolate Malt Optimum Nutrition";"Suplemento de proteína de suero 900g, sabor chocolate malt. Ideal para recuperación muscular. ¡Mejorá tu nutrición y disfrutá su sabor delicioso!";"Optimum";"SI";"";"";"";"46,925.00"
"whey-gourmet-series-25-serv-optimum-nutrition-sabor-white-chocolate-cxd3j";"Whey Gourmet Series 25 Serv Optimum Nutrition Sabor White Chocolate";"Marcas > Suplementos Importados > Optimum, Suplementos > Proteínas";"";"";"";"";"";"";"81,503.00";"77,427.00";"0.91";"0.00";"0.00";"0.00";"0";"OPTIM0 900G GOURMET WHITE CHOCO";"7798451604696";"SI";"NO";"<h2>Whey Gourmet Series 25 Serv Optimum Nutrition Sabor White Chocolate</h2>
<p><strong>Descubrí la excelencia en nutrición deportiva con Whey Gourmet Series de Optimum Nutrition, ahora en su irresistible sabor White Chocolate.</strong> Esta proteína de suero premium está diseñada para quienes buscan maximizar la recuperación, el crecimiento muscular y disfrutar al mismo tiempo de un sabor único y cremoso.</p>

<h3>Beneficios Principales</h3>
<ul>
<li><strong>Favorece el crecimiento y la recuperación muscular:</strong> Con 25g de proteína de suero de alta calidad por porción, ideal para potenciar la síntesis de proteínas tras el entrenamiento.</li>
<li><strong>Aporta energía y saciedad:</strong> Su contenido equilibrado ayuda a mantener la masa muscular magra y a gestionar el apetito.</li>
<li><strong>Rápida absorción:</strong> Perfecta para optimizar la recuperación post-entrenamiento y preparar tu cuerpo para el próximo desafío.</li>
</ul>

<h3>Ingredientes Clave</h3>
<ul>
<li><strong>Mezcla de proteína de suero concentrada y aislada</strong></li>
<li>Saborizantes naturales y artificiales de chocolate blanco</li>
<li>Endulzantes sin azúcar agregada</li>
<li>Sin gluten</li>
</ul>

<h3>Modo de Uso</h3>
<ol>
<li>Mezclar una porción (aprox. 30g) con 200-250 ml de agua fría o leche descremada.</li>
<li>Consumir preferentemente después del entrenamiento, o como snack entre comidas para complementar tu ingesta proteica diaria.</li>
</ol>

<h3>Características Especiales</h3>
<ul>
<li><strong>Disolución instantánea:</strong> Se mezcla fácilmente sin grumos.</li>
<li><strong>Versatilidad:</strong> Ideal para batidos, smoothies o recetas saludables.</li>
<li><strong>Sabor gourmet:</strong> Disfrutá de un perfil suave y dulce, perfecto para quienes buscan algo diferente en su rutina diaria.</li>
</ul>

<h3>Perfil Nutricional (por porción de 30g)</h3>
<ul>
<li>Calorías: 125</li>
<li>Proteínas: 25g</li>
<li>Carbohidratos: 2.5g</li>
<li>Grasas totales: 1.7g</li>
<li>Azúcares: 0g</li>
</ul>

<h3>Sabor y Presentación</h3>
<ul>
<li><strong>Sabor:</strong> White Chocolate (chocolate blanco)</li>
<li><strong>Presentación:</strong> Pote de 750 g, rinde 25 porciones</li>
</ul>

<h3>Advertencias y Precauciones</h3>
<ul>
<li>No exceder la dosis recomendada.</li>
<li>Consultar a un profesional de la salud antes de usar si está embarazada, en período de lactancia o padece alguna condición médica.</li>
<li>Mantener fuera del alcance de los niños.</li>
<li>Almacenar en un lugar fresco y seco, protegido de la luz solar directa.</li>
<li>Contiene derivados de leche.</li>
</ul>

<p><strong>Elegí Whey Gourmet Series Sabor White Chocolate de Optimum Nutrition y llevá tu nutrición deportiva al siguiente nivel, combinando calidad, resultados y un sabor único en cada batido.</strong></p>";"Chocolate, Deportivo, Optimum, proteina, Suplemento";"Whey Gourmet 25 Serv Optimum Nutrition White Chocolate";"Disfrutá Whey Gourmet Optimum Nutrition sabor White Chocolate, 25 porciones de proteína premium. Mejorá tu entrenamiento. ¡Probalo ahora!";"Optimum";"SI";"";"";"";"46,925.00"
"whey-protein-100-gourmet-900g-optimum-nutrition-vainilla-1x5ks";"Whey Protein 100% Gourmet 900g Optimum Nutrition Vainilla";"Marcas > Suplementos Importados > Optimum, Suplementos > Proteínas";"";"";"";"";"";"";"81,503.00";"77,427.00";"0.91";"0.00";"0.00";"0.00";"6";"OPTIM0 900G GOURMET VAINI";"748927067873";"SI";"NO";"Whey Protein 100% Gourmet de Optimum Nutrition es la elección ideal para quienes buscan potenciar su rendimiento físico y mejorar su nutrición diaria. Este suplemento en polvo, con un delicioso sabor a vainilla, ofrece una fuente de proteínas de alta calidad, ideal para complementar tu dieta y apoyar tus objetivos deportivos.<br />
<br />
Cada pote contiene 900 g, proporcionando 25 porciones de 35 mL cada una, lo que lo convierte en un aliado práctico y efectivo para tus entrenamientos. Su fórmula incluye Vitamina B6 y Zinc, nutrientes esenciales que contribuyen al metabolismo energético y al funcionamiento normal del sistema inmunológico.<br />
<br />
Libre de gluten y sin lactosa, este producto es apto para quienes buscan una opción que se adapte a sus necesidades dietéticas. Sin embargo, no es vegano y no se recomienda para personas en período de lactancia o embarazo.<br />
<br />
Whey Protein Gourmet es perfecto para adultos a partir de 18 años que desean mejorar su ingesta proteica de manera sabrosa y efectiva. Incorpora este suplemento en tu rutina diaria y experimenta la diferencia en tu rendimiento y bienestar general.";"Deportivo, Optimum, proteina, Suplemento, tamano-900g, Vainilla";"Whey Protein Gourmet Vainilla 900g Optimum Nutrition";"Mejora tu rendimiento con Whey Protein Gourmet Vainilla 900g, alto en proteínas, sin gluten ni lactosa. ¡Potenciá tu dieta y entrenamientos hoy!";"Optimum";"SI";"";"";"";"46,925.00"
"proteina-vegetal-100-no-whey-protein-isolate-proteina-cacao-1o78p";"Proteina Vegetal 100% No Whey Protein Isolate Proteina Cacao";"Marcas > Suplementos Nacionales Deportivos > Diabla, Suplementos > Proteínas";"";"";"";"";"";"";"107,501.00";"67,881.00";"0.66";"0.00";"0.00";"0.00";"32";"DIABLA0 SUPERPROTEINA CACAO";"";"SI";"NO";"Super Proteína Diabla es la opción ideal para quienes buscan una fuente de proteína vegetal de alta calidad. Con un sabor a cacao irresistible, este suplemento en polvo ofrece 21 g de proteína por porción de 33 g, lo que lo convierte en un aliado perfecto para tus objetivos nutricionales y deportivos.<br />
<br />
Elaborado con aislado proteico de lupino y concentrado proteico de arveja, este producto es completamente vegano y libre de gluten. Además, su fórmula incluye inulina, L-glutamina y leche de coco en polvo con caseína, proporcionando un perfil nutricional completo y equilibrado.<br />
<br />
Cada envase de 660 g contiene 20 porciones, lo que asegura que tendrás suficiente para complementar tu dieta diaria. Apto para personas a partir de 18 años y durante el embarazo, Super Proteína Diabla es una opción versátil y saludable para cualquier estilo de vida.<br />
<br />
Incorpora este suplemento a tu rutina y experimenta los beneficios de una proteína de origen vegetal, diseñada para potenciar tu rendimiento y bienestar. Con Super Proteína Diabla, cada batido se convierte en una deliciosa experiencia nutritiva.";"Cacao, Diabla, Proteina, proteina-vegetal, Suplemento, Vegana";"Proteína Vegetal Cacao Diabla 660g Vegana Sin Gluten";"Suplemento vegano sabor cacao con 21g de proteína por porción. Ideal para nutrición y deporte. ¡Probá la proteína vegetal Diabla y sentí la diferencia!";"Diabla";"SI";"";"";"";"41,140.00"
"whey-protein-900g-pura-80-pack-ena-sabor-frutilla-900g-frutilla-ua6d0";"Whey Protein 900g Pura 80% Pack Ena Sabor Frutilla 900g Frutilla";"Marcas > Suplementos Nacionales Deportivos > Ena, Suplementos > Proteínas";"";"";"";"";"";"";"70,973.00";"67,424.00";"0.91";"0.00";"0.00";"0.00";"34";"ENA0 WHEY 100% PROTE FRUTI 2LB";"";"SI";"NO";"<h2>Whey Protein 900g Pura 80% Pack Ena Sabor Frutilla</h2>
<h3>Beneficios Principales</h3>
<ul>
<li><strong>Favorece el desarrollo y la recuperaci&oacute;n muscular</strong> despu&eacute;s del ejercicio.</li>
<li>Ayuda a mantener y aumentar la masa muscular magra.</li>
<li><strong>Contribuye a una s&iacute;ntesis proteica eficiente</strong>, esencial para deportistas y personas activas.</li>
<li>Puede apoyar el control del apetito y la gesti&oacute;n del peso.</li>
</ul>
<h3>Ingredientes Clave</h3>
<ul>
<li><em>Prote&iacute;na de suero de leche (Whey) concentrada al 80%</em></li>
<li>Saborizante natural de frutilla</li>
<li>Edulcorantes aptos para consumo habitual</li>
</ul>
<h3>Modo de Uso</h3>
<ol>
<li>Mezclar una porci&oacute;n (aprox. 30g) en 200-250 ml de agua o leche descremada.</li>
<li>Consumir 1 a 2 veces al d&iacute;a, preferentemente despu&eacute;s del entrenamiento o entre comidas.</li>
</ol>
<h3>Caracter&iacute;sticas Especiales</h3>
<ul>
<li><strong>Alta pureza y absorci&oacute;n r&aacute;pida</strong>: f&oacute;rmula de prote&iacute;na de suero al 80%.</li>
<li>Sabor frutilla delicioso y refrescante, ideal para preparar batidos y smoothies.</li>
<li><em>F&aacute;cil de disolver</em>: no deja grumos ni residuos.</li>
<li>Adecuado para planes de nutrici&oacute;n deportiva y control de peso.</li>
</ul>
<h3>Perfil Nutricional (por porci&oacute;n de 30g)</h3>
<ul>
<li>Calor&iacute;as: 120</li>
<li>Prote&iacute;nas: 24g</li>
<li>Carbohidratos: 3g</li>
<li>Grasas: 1.5g</li>
<li>Az&uacute;cares: 0g</li>
</ul>
<h3>Sabor y Presentaci&oacute;n</h3>
<ul>
<li><strong>Sabor:</strong> Frutilla, suave y natural.</li>
<li><strong>Presentaci&oacute;n:</strong> Pack de 900g, rinde aproximadamente 30 porciones.</li>
</ul>
<h3>Advertencias y Precauciones</h3>
<ul>
<li>No exceder la dosis recomendada.</li>
<li>Consultar a un profesional de la salud si est&aacute; embarazada, en per&iacute;odo de lactancia o bajo tratamiento m&eacute;dico.</li>
<li>Mantener fuera del alcance de los ni&ntilde;os.</li>
<li>Conservar en un lugar fresco, seco y protegido de la luz solar directa.</li>
</ul>
<p>&iexcl;Opt&aacute; por Whey Protein 900g Pura 80% Pack Ena Sabor Frutilla y llev&aacute; tu rendimiento y recuperaci&oacute;n al siguiente nivel!</p>";"Ena, Frutilla, proteina, Recuperacion, tamano-900g, Whey";"Whey Protein 900g Ena Frutilla - Proteína Pura 80%";"Disfrutá Whey Protein Ena 80% pura, sabor frutilla. Ideal para recuperar y construir músculo. ¡Probala ahora y mejorá tu rendimiento!";"Ena";"SI";"";"";"";"40,863.00"
"suplemento-en-polvo-bsn-edge-proteinas-sabor-strawberry-milkshake-x-1-82kg-1yqz0";"Suplemento En Polvo Bsn Edge Proteínas Sabor Strawberry Milkshake X 1.82kg";"Marcas > Suplementos Importados > BSN, Suplementos > Proteínas";"";"";"";"";"";"";"170,234.00";"161,722.00";"1.81";"0.00";"0.00";"0.00";"0";"BSN0 SYNTHA EDGE 1.81KG FRUTI";"7792216653486";"SI";"NO";"Una nutrición balanceada juega un papel fundamental en la calidad de vida. Con el ritmo acelerado que llevan muchas personas, a veces resulta complejo prestar atención a todos los requerimientos que el cuerpo necesita para estar sano y fuerte. En ese sentido, los suplementos cumplen la función de complementar la alimentación y ayudan a obtener las vitaminas, minerales, proteínas y otros componentes indispensables para el correcto funcionamiento del organismo.<br />
<br />
Fuente rápida de energía<br />
La principal función de las proteínas es contribuir con la regeneración muscular. Es por esto que los suplementos proteicos suelen ser utilizados en ciertas circunstancias, por ejemplo ante el aumento de la intensidad del ejercicio, la recuperación luego de una lesión o para complementar la alimentación de personas veganas y vegetarianas. Algunos de los beneficios son: su consumo fácil, su bajo contenido en azúcares y grasas y la posible reducción del apetito.<br />
<br />
*Este producto es un suplemento dietario, no es un medicamento. Suplementa dietas insuficientes. Consulte a su médico y/o farmacéutico.";"BSN, Deportivo, proteina, Recuperacion, tamano-2kg, Whey";"Proteína en Polvo BSN Edge Strawberry Milkshake 1.82kg";"Disfrutá BSN Edge en polvo, sabor Strawberry Milkshake. Fuente rápida de proteínas para regeneración muscular. ¡Ideal para tu nutrición deportiva!";"Bsn";"SI";"";"";"";"98,013.00"
"syntha-6-edge-4-lbs-bsn-pura-proteina-aislada-isolate-usa-sabor-vainilla-rx66p";"Syntha 6 Edge 4 Lbs Bsn Pura Proteína Aislada Isolate Usa Sabor Vainilla";"Marcas > Suplementos Importados > BSN, Suplementos > Proteínas";"";"";"";"";"";"";"170,234.00";"161,722.00";"1.81";"0.00";"0.00";"0.00";"0";"BSN0 SYNTHA EDGE 1.81KG VAINI";"7792216653486";"SI";"NO";"Una nutrición balanceada juega un papel fundamental en la calidad de vida. Con el ritmo acelerado que llevan muchas personas, a veces resulta complejo prestar atención a todos los requerimientos que el cuerpo necesita para estar sano y fuerte. En ese sentido, los suplementos cumplen la función de complementar la alimentación y ayudan a obtener las vitaminas, minerales, proteínas y otros componentes indispensables para el correcto funcionamiento del organismo.<br />
<br />
Fuente rápida de energía<br />
La principal función de las proteínas es contribuir con la regeneración muscular. Es por esto que los suplementos proteicos suelen ser utilizados en ciertas circunstancias, por ejemplo ante el aumento de la intensidad del ejercicio, la recuperación luego de una lesión o para complementar la alimentación de personas veganas y vegetarianas. Algunos de los beneficios son: su consumo fácil, su bajo contenido en azúcares y grasas y la posible reducción del apetito.<br />
<br />
*Este producto es un suplemento dietario, no es un medicamento. Suplementa dietas insuficientes. Consulte a su médico y/o farmacéutico.";"BSN, Deportivo, proteina, Recuperacion, tamano-1-82kg, Vainilla";"Proteína aislada Syntha 6 Edge 4 Lbs Vainilla BSN USA";"Suplemento proteico Syntha 6 Edge de BSN, ideal para recuperación muscular y energía. Sabor vainilla. ¡Potenciá tu entrenamiento!";"Bsn";"SI";"";"";"";"98,013.00"
"suplemento-en-polvo-bsn-edge-proteinas-sabor-chocolate-milkshake-1-81kg-vn4tg";"Suplemento En Polvo Bsn Edge Proteínas Sabor Chocolate Milkshake 4lb";"Marcas > Suplementos Importados > BSN, Suplementos > Proteínas";"";"";"";"";"";"";"170,234.00";"161,722.00";"1.81";"0.00";"0.00";"0.00";"0";"BSN0 SYNTHA EDGE 1.81KG CHOCO";"834266005697";"SI";"NO";"Una nutrición balanceada juega un papel fundamental en la calidad de vida. Con el ritmo acelerado que llevan muchas personas, a veces resulta complejo prestar atención a todos los requerimientos que el cuerpo necesita para estar sano y fuerte. En ese sentido, los suplementos cumplen la función de complementar la alimentación y ayudan a obtener las vitaminas, minerales, proteínas y otros componentes indispensables para el correcto funcionamiento del organismo.<br />
<br />
Fuente rápida de energía<br />
La principal función de las proteínas es contribuir con la regeneración muscular. Es por esto que los suplementos proteicos suelen ser utilizados en ciertas circunstancias, por ejemplo ante el aumento de la intensidad del ejercicio, la recuperación luego de una lesión o para complementar la alimentación de personas veganas y vegetarianas. Algunos de los beneficios son: su consumo fácil, su bajo contenido en azúcares y grasas y la posible reducción del apetito.<br />
<br />
*Este producto es un suplemento dietario, no es un medicamento. Suplementa dietas insuficientes. Consulte a su médico y/o farmacéutico.";"BSN, Chocolate, proteina, Recuperacion, Suplemento, tamano-1-82kg";"Proteína en Polvo BSN Edge Chocolate 1.81kg Nutritiva";"Suplemento proteico BSN Edge sabor chocolate, ideal para regeneración muscular. Bajo en azúcares y grasas. ¡Mejorá tu rendimiento hoy!";"Bsn";"SI";"";"";"";"98,013.00"
"suplemento-en-polvo-bsn-edge-proteinas-de-syntha-6-sabor-cookies-cream-x-1-12kg-86smp";"Suplemento En Polvo Bsn Edge Proteínas De Syntha-6 Sabor Cookies & Cream X 2.42LB";"Marcas > Suplementos Importados > BSN, Suplementos > Proteínas";"";"";"";"";"";"";"138,806.00";"131,865.00";"1.12";"0.00";"0.00";"0.00";"0";"BSN0 SYNTHA EDGE 2.42LB COOK";"7792216653486";"SI";"NO";"Una nutrición balanceada juega un papel fundamental en la calidad de vida. Con el ritmo acelerado que llevan muchas personas, a veces resulta complejo prestar atención a todos los requerimientos que el cuerpo necesita para estar sano y fuerte. En ese sentido, los suplementos cumplen la función de complementar la alimentación y ayudan a obtener las vitaminas, minerales, proteínas y otros componentes indispensables para el correcto funcionamiento del organismo.<br />
<br />
Fuente rápida de energía<br />
La principal función de las proteínas es contribuir con la regeneración muscular. Es por esto que los suplementos proteicos suelen ser utilizados en ciertas circunstancias, por ejemplo ante el aumento de la intensidad del ejercicio, la recuperación luego de una lesión o para complementar la alimentación de personas veganas y vegetarianas. Algunos de los beneficios son: su consumo fácil, su bajo contenido en azúcares y grasas y la posible reducción del apetito.<br />
<br />
*Este producto es un suplemento dietario, no es un medicamento. Suplementa dietas insuficientes. Consulte a su médico y/o farmacéutico.";"BSN, Cookies, proteina, Recuperacion, Suplemento, tamano-907g";"Proteína en Polvo BSN Syntha-6 Cookies & Cream 2.42LB";"Suplemento proteico BSN Syntha-6 sabor Cookies & Cream: energía y recuperación muscular. ¡Ideal para tu entrenamiento! ¡Mejorá tu nutrición hoy!";"Bsn";"SI";"";"";"";"79,918.00"
"suplemento-en-polvo-bsn-edge-proteinas-sabor-cookies-cream-x-1-92kg-1l55r";"Suplemento En Polvo Bsn Edge Proteínas Sabor Cookies & Cream X 4LB";"Marcas > Suplementos Importados > BSN, Suplementos > Proteínas";"";"";"";"";"";"";"170,234.00";"161,722.00";"1.81";"0.00";"0.00";"0.00";"0";"BSN0 SYNTHA EDGE 1.81KG COOK";"7792216653486";"SI";"NO";"<h2>Suplemento En Polvo Bsn Edge Proteínas Sabor Cookies &amp; Cream X 4LB</h2>
<h3>Beneficios Principales</h3>
<ul>
<li><strong>Contribuye al desarrollo y recuperación muscular</strong> gracias a su alto contenido proteico.</li>
<li><em>Apoya el aumento de masa muscular magra</em> y la reparación de tejidos tras entrenamientos intensos.</li>
<li>Brinda energía sostenida, ideal para deportistas y personas activas.</li>
<li>Ayuda a mantener la saciedad, favoreciendo la gestión del peso corporal.</li>
</ul>
<h3>Ingredientes Clave</h3>
<ul>
<li><strong>Mezcla premium de proteínas</strong>: Suero concentrado y aislado de alta calidad.</li>
<li>Sabores naturales y endulzantes cuidadosamente seleccionados para una experiencia deliciosa.</li>
</ul>
<h3>Modo de Uso</h3>
<ol>
<li>Mezclar una porción (aproximadamente 30g) con 200-250 ml de agua o leche descremada.</li>
<li>Consumir preferentemente después de entrenar y/o entre comidas, hasta dos veces por día según necesidad.</li>
</ol>
<h3>Características Especiales</h3>
<ul>
<li><strong>Excelente perfil de aminoácidos</strong>, óptimo para la recuperación y crecimiento muscular.</li>
<li><em>Fácil disolución</em>: No deja grumos, perfecta para batidos y smoothies.</li>
<li>Sabor Cookies &amp; Cream: Cremoso y delicioso, ¡ideal para variar tu rutina!</li>
</ul>
<h3>Perfil Nutricional (por porción de 30g)</h3>
<ul>
<li>Calorías: 125</li>
<li>Proteínas: 24g</li>
<li>Carbohidratos: 3g</li>
<li>Grasas: 1.5g</li>
<li>Azúcares: 0g</li>
</ul>
<h3>Sabor y Presentación</h3>
<ul>
<li><strong>Sabor:</strong> Cookies &amp; Cream, suave y tentador.</li>
<li><strong>Presentación:</strong> Pote de 4LB (1,81 kg), rinde aproximadamente 60 porciones.</li>
</ul>
<h3>Advertencias y Precauciones</h3>
<ul>
<li>No exceder la dosis diaria recomendada.</li>
<li>Consultar a un profesional de la salud antes de consumir si está embarazada, amamantando o bajo tratamiento médico.</li>
<li>Mantener fuera del alcance de los niños.</li>
<li>Almacenar en un lugar fresco y seco, alejado de la luz solar directa.</li>
</ul>

<p>¡El Suplemento En Polvo Bsn Edge Proteínas Cookies &amp; Cream es tu aliado perfecto para potenciar tus entrenamientos y cuidar tu nutrición diaria!
<strong>Aprovechá su sabor irresistible y su fórmula avanzada para alcanzar tus objetivos deportivos.</strong></p>";"BSN, Cookies, Deportivo, proteina, Recuperacion, tamano-1-82kg";"Proteína BSN Edge Cookies & Cream 4LB - Recuperación Muscular";"Desarrollá músculo y recuperate con BSN Edge Cookies & Cream 4LB. Sabor delicioso, fácil disolución y fórmula avanzada. ¡Probalo y superá tus metas!";"Bsn";"SI";"";"";"";"98,013.00"
"proteina-gentech-vegana-veggie-500grs-1-1lbs-cacao-cacao-yqyel";"Proteina Gentech Vegana Veggie 500grs 1.1lbs Cacao Cacao";"Marcas > Suplementos Nacionales Deportivos > Gentech, Suplementos > Proteínas";"";"";"";"";"";"";"41,251.00";"25,674.00";"0.50";"0.00";"0.00";"0.00";"1";"GEN0 PLANT PROTEIN 500G";"";"SI";"NO";"La Proteína Gentech Vegana Veggie es la opción ideal para quienes buscan un suplemento alimenticio de alta calidad y sabor. Con un delicioso sabor a cacao, este polvo de proteína está diseñado para complementar tu dieta de manera efectiva, aportando 20 g de proteína por porción de 35 g. Su base de proteína de arveja lo convierte en una alternativa nutritiva y accesible para veganos y personas con intolerancias al gluten.<br />
<br />
Cada porción contiene solo 126 kcal, lo que lo hace perfecto para quienes desean mantener un control calórico sin sacrificar el sabor ni la nutrición. Este suplemento es ideal para personas activas y deportistas que buscan mejorar su rendimiento y recuperación muscular. Además, su formato en bolsa de 500 g facilita su almacenamiento y uso diario.<br />
<br />
La Proteína Gentech Vegana Veggie es apta para mayores de 18 años y no contiene gluten, lo que la convierte en una opción segura para quienes buscan un estilo de vida saludable. Con 10 porciones por envase, es una excelente inversión para quienes desean incorporar proteínas de origen vegetal en su dieta diaria. Disfruta de un batido nutritivo y delicioso que te ayudará a alcanzar tus objetivos de bienestar.";"Deportistas, Gentech, Proteina, proteina-vegetal, SinGluten, tamano-500g, Vegana";"Proteína vegana Gentech Veggie cacao 500g sin gluten";"Disfrutá la Proteína Gentech Vegana Veggie cacao: 20g de proteína vegetal, sin gluten, ideal para deportistas. Probala y mejorá tu nutrición diaria.";"Gentech";"SI";"";"";"";"15,560.00"
"gentech-afa-whey-protein-7900-chocolate-500g-sachet-chocolate-1c6gg";"Gentech Afa Whey Protein 7900 500g Sachet";"Marcas > Suplementos Nacionales Deportivos > Gentech, Suplementos > Proteínas";"Sabor";"Chocolate";"";"";"";"";"32,388.00";"30,768.00";"0.50";"0.00";"0.00";"0.00";"0";"GEN0 PROTE CHOCO 500G";"";"SI";"NO";"<h2>Gentech Afa Whey Protein 7900 500g Sachet</h2>
<p><strong>Gentech Afa Whey Protein 7900</strong> es la opción ideal para quienes buscan potenciar el crecimiento y la recuperación muscular con una proteína de excelente calidad. Disponible en <em>deliciosos sabores Chocolate o Vainilla</em>, este suplemento es perfecto para acompañar tus entrenamientos y cubrir tus necesidades diarias de proteína.</p>

<h3>Beneficios Principales</h3>
<ul>
<li><strong>Promueve el desarrollo muscular magro y la recuperación</strong> después del ejercicio.</li>
<li>Contribuye a la síntesis de proteínas, esencial para reparar fibras musculares.</li>
<li><em>Aporta saciedad</em>, ayudando en la gestión del peso corporal.</li>
</ul>

<h3>Ingredientes Clave</h3>
<ul>
<li>Proteína de suero lácteo concentrada</li>
<li>Saborizantes naturales y artificiales según el sabor elegido</li>
<li>Endulzantes sin azúcar agregado</li>
</ul>

<h3>Modo de Uso</h3>
<p>Mezclá una porción (aprox. 30g) con 200-250 ml de agua, leche descremada o tu bebida favorita. Consumí una o dos veces al día, preferentemente después de entrenar o entre comidas.</p>

<h3>Características Especiales</h3>
<ul>
<li><strong>Fácil disolución</strong>: No deja grumos, ideal para preparar batidos rápidos.</li>
<li><em>Rápida absorción</em>: Perfecta para una recuperación eficiente post-entrenamiento.</li>
<li><strong>Versatilidad</strong>: Usalo en batidos, smoothies o recetas saludables.</li>
</ul>

<h3>Perfil Nutricional (Por porción de 30g)</h3>
<ul>
<li>Calorías: 120 kcal</li>
<li>Proteínas: 22g</li>
<li>Carbohidratos: 3g</li>
<li>Grasas: 2g</li>
</ul>

<h3>Sabor y Presentación</h3>
<ul>
<li><em>Sabores disponibles</em>: Chocolate o Vainilla</li>
<li>Presentación: Sachet de 500g, rinde aproximadamente 16 porciones.</li>
</ul>

<h3>Advertencias y Precauciones</h3>
<ul>
<li>No exceder la dosis recomendada.</li>
<li>Consultar a un médico antes de consumir si estás embarazada, en período de lactancia o bajo tratamiento médico.</li>
<li>Mantener fuera del alcance de los niños.</li>
<li>Conservar en lugar fresco y seco, protegido de la luz solar directa.</li>
<li>Contiene derivados de leche.</li>
</ul>

<p><strong>Gentech Afa Whey Protein 7900</strong> es la elección inteligente para quienes buscan calidad, sabor y resultados efectivos en su suplementación diaria.</p>";"Deportivo, Gentech, proteina, Recuperacion, sabor-chocolate, Suplemento, tamano-500g";"Gentech Afa Whey Protein 7900 Sachet 500g - Recuperación y Músculo";"Suplemento proteico Gentech Afa Whey 7900: favorece músculo y recuperación. Fácil disolución, sabores Chocolate/Vainilla. ¡Probalo y potenciá tus entrenos!";"Gentech";"SI";"";"";"";"18,647.00"
"gentech-afa-whey-protein-7900-chocolate-500g-sachet-chocolate-1c6gg";"";"";"Sabor";"Vainilla";"";"";"";"";"32,388.00";"30,768.00";"0.50";"0.00";"0.00";"0.00";"0";"GEN0 PROTE VAINI 500G";"7798101200520";"";"";"";"proteina, sabor-vainilla, tamano-500g";"";"";"";"";"";"";"";"18,647.00"
"plant-protein-ena-vegana-1ofv5";"Plant Protein Ena Vegana";"Marcas > Suplementos Nacionales Deportivos > Ena, Suplementos > Proteínas";"Sabor";"Chocolate Mousse";"";"";"";"";"53,006.00";"50,355.00";"0.79";"0.00";"0.00";"0.00";"26";"ENA0 PLANT PROTEIN CHOCO";"";"SI";"NO";"<h2>Plant Protein Ena Vegana</h2>
<p><strong>Plant Protein Ena Vegana Chocolate Mousse</strong> de ENA Sport es la elecci&oacute;n perfecta para quienes buscan una <em>prote&iacute;na vegetal de alta calidad</em>, sin renunciar al placer de un sabor delicioso. Formando parte de la l&iacute;nea Performance Series, este suplemento en polvo combina nutrici&oacute;n, sabor y practicidad, adapt&aacute;ndose a las necesidades de deportistas, personas activas y cualquier persona que siga una dieta vegana o tenga restricciones alimentarias.</p>
<h3>Beneficios Principales</h3>
<ul>
<li><strong>Aporte proteico premium:</strong> Cada porci&oacute;n de 31,5 g proporciona 24 g de prote&iacute;na vegetal, ideal para la recuperaci&oacute;n y el desarrollo muscular.</li>
<li><strong>Enriquecido con vitamina B12:</strong> Contiene 2,4 mcg por porci&oacute;n, fundamental para una dieta vegana equilibrada.</li>
<li><strong>Fuente de sodio:</strong> 351 mg por porci&oacute;n, ayudando a reponer electrolitos tras la actividad f&iacute;sica.</li>
<li><strong>Libre de gluten y lactosa:</strong> Apto para cel&iacute;acos e intolerantes, asegurando una digesti&oacute;n ligera y c&oacute;moda.</li>
<li><strong>Sabor irresistible:</strong> Disfrut&aacute; de un aut&eacute;ntico mousse de chocolate en tus batidos, postres y recetas fit.</li>
</ul>
<h3>Ingredientes Clave</h3>
<ul>
<li>Mezcla de prote&iacute;nas vegetales de alta biodisponibilidad</li>
<li>Vitamina B12 a&ntilde;adida</li>
<li>Sin ingredientes de origen animal</li>
<li>Sin gluten ni lactosa</li>
</ul>
<h3>Modo de Uso</h3>
<p>Mezcl&aacute; una porci&oacute;n (31,5 g) con 200-250 ml de agua, leche vegetal o incorporalo en tus recetas favoritas. Consumir despu&eacute;s del entrenamiento, como colaci&oacute;n o entre comidas para potenciar el aporte proteico diario.</p>
<h3>Caracter&iacute;sticas Especiales</h3>
<ul>
<li><strong>Envase Doypack:</strong> Pr&aacute;ctico, f&aacute;cil de almacenar y mantener la frescura del producto.</li>
<li><strong>Vers&aacute;til:</strong> Perfecto para batidos, smoothies, bowls, pancakes o recetas dulces.</li>
<li><strong>R&aacute;pida disoluci&oacute;n:</strong> Se integra f&aacute;cilmente sin grumos.</li>
</ul>
<h3>Perfil Nutricional (por porci&oacute;n de 31,5 g)</h3>
<ul>
<li><strong>Prote&iacute;nas:</strong> 24 g</li>
<li><strong>Vitamina B12:</strong> 2,4 mcg</li>
<li><strong>Sodio:</strong> 351 mg</li>
</ul>
<h3>Sabores Disponibles</h3>
<ul>
<li>Chocolate Mousse</li>
<li>Vainilla Caramel</li>
</ul>
<h3>Advertencias y Precauciones</h3>
<ul>
<li>No exceder la dosis recomendada.</li>
<li>Mantener fuera del alcance de los ni&ntilde;os.</li>
<li>Consultar a un profesional de la salud antes de consumir si est&aacute; embarazada, en per&iacute;odo de lactancia o presenta alguna condici&oacute;n m&eacute;dica preexistente.</li>
<li>Almacenar en lugar fresco y seco, protegido de la luz solar directa.</li>
</ul>
<p><strong>Plant Protein Ena Vegana</strong> es la alternativa vegetal que suma sabor, nutrici&oacute;n y practicidad a tu d&iacute;a, ayud&aacute;ndote a alcanzar tus objetivos de rendimiento y bienestar, sin resignar tus valores ni tu salud.</p>";"Chocolate, Deportistas, Ena, Proteina, proteina-vegetal, sabor-chocolate, Vegana";"Proteína Vegana ENA Chocolate Mousse 24g Premium";"Proteína vegetal ENA sabor Chocolate Mousse, 24g por porción, sin gluten ni lactosa. Ideal para veganos. ¡Probala y potenciá tu nutrición!";"Ena";"SI";"";"";"";"30,518.00"
"plant-protein-ena-vegana-1ofv5";"";"";"Sabor";"Vanilla Caramel";"";"";"";"";"53,006.00";"50,355.00";"0.78";"0.00";"0.00";"0.00";"56";"ENA0 PLANT PROTEIN VAINI";"";"";"";"";"proteina-vegetal, sabor-vainilla";"";"";"";"";"";"";"";"30,518.00"
"ena-sport-true-made-proteina-polvo-453-g-sin-sabor-sin-sabor-7nq2v";"Ena Sport True Made Proteína Polvo 453 G Sin Sabor Sin Sabor";"Marcas > Suplementos Nacionales Deportivos > Ena, Suplementos > Proteínas";"";"";"";"";"";"";"49,412.00";"46,941.00";"0.45";"0.00";"0.00";"0.00";"94";"ENA0 TRUEMADE 453G NEUTRO";"7792981063077";"SI";"NO";"Presentamos ENA Sport True Made Proteína en polvo, un suplemento diseñado para quienes buscan potenciar su rendimiento deportivo. Con un peso neto de 453 g, este producto ofrece 14 porciones de 31 g cada una, brindando una fuente concentrada de proteínas de suero de leche, ideal para la recuperación muscular y el desarrollo de masa magra.<br />
<br />
Cada porción proporciona 25 g de proteínas, junto con un perfil de aminoácidos que incluye leucina, isoleucina y valina, esenciales para la síntesis proteica. Su formato en polvo y sabor neutro permite mezclarlo fácilmente con tus batidos, yogures o incluso en recetas, adaptándose a tus preferencias alimenticias sin alterar el sabor de tus comidas.<br />
<br />
Este suplemento es apto para adultos a partir de 19 años y es especialmente beneficioso para deportistas que buscan mejorar su rendimiento y recuperación. Con un bajo contenido de grasas y carbohidratos, ENA Sport True Made se convierte en una opción ideal para quienes desean mantener un estilo de vida saludable y activo.<br />
<br />
Recuerda que este producto contiene lactosa y derivados de leche, por lo que no es apto para personas con intolerancia a estos componentes. Asegúrate de consultar con un profesional de la salud antes de iniciar cualquier suplementación, especialmente si estás en período de lactancia o embarazo.";"Deportistas, Ena, proteina, Recuperacion, SinSabor, tamano-454g";"Proteína en Polvo ENA Sport True Made Sin Sabor 453g";"Potenciá tu rendimiento con proteína ENA Sport True Made. 25g por porción, ideal para recuperación muscular. ¡Probala en tus recetas favoritas!";"Ena";"SI";"";"";"";"28,449.00"
"100-whey-protein-x5lbs-gold-nutrition-sabor-strawberry-shake-xve2a";"100% Whey Protein X5lbs - Gold Nutrition Sabor Strawberry Shake";"Marcas > Suplementos Importados > Gold Nutrition, Suplementos > Proteínas";"";"";"";"";"";"";"190,734.00";"181,197.00";"0.30";"0.00";"0.00";"0.00";"10";"GOLDNU0 PROTE WHEY FRUTI 5LB";"";"SI";"NO";"<p>100% WHEY PROTEIN - GOLD NUTRITION - HIGH LEVEL NUTRITION<br /><br />Este polvo de prote&iacute;na ultra premium proporciona 28gr de prote&iacute;na por servicio y un alto aporte de amino&aacute;cidos, incluyendo BCAAs y L-Glutamine. Es un suplemento proteico multifuncional y nutritivo que aporta las bases para la construcci&oacute;n y reparaci&oacute;n muscular.<br /><br />La actividad f&iacute;sica pone al cuerpo en situaci&oacute;n de stress y tensi&oacute;n, aumentando progresivamente cuanto m&aacute;s largo y duro sea el ejercicio. La prote&iacute;na es esencial para devolverle al cuerpo los nutrientes perdidos durante la actividad f&iacute;sica.<br /><br />El consumo de prote&iacute;nas despu&eacute;s de una dura sesi&oacute;n de ejercicios no s&oacute;lo aumentar&aacute; las tasas de s&iacute;ntesis de las mismas, sino que te ayudar&aacute; a recuperarte m&aacute;s r&aacute;pido, por lo que estar&aacute;s listo para tu pr&oacute;ximo entreno!<br /><br />100% Whey Protein est&aacute; dise&ntilde;ada para cualquier persona que quiera complementar sus objetivos nutricionales y f&iacute;sicos.<br /><br />Gold Nutrition garantiza el mejor concentrado disponible. 100% WHEY PROTEIN puede considerarse como el m&aacute;ximo standard en calidad y pureza demostrado por laboratorios. Adem&aacute;s, al tomarla, se disfruta como cualquier batido frutal gracias a sus saborizantes naturales &uacute;nicos.<br /><br />BENEFICIOS<br />- Aumenta la s&iacute;ntesis proteica<br />- Acelera los procesos de recuperaci&oacute;n<br />- Ayuda al aumento de masa muscular<br /><br />MODO DE USO<br />Consumir 1 o 2 porciones diarias entre las comidas. La segunda dosis se recomienda consumirla dentro de los 30min. posteriores al entrenamiento o competencia.<br /><br />Diluir en un shaker GOLD NUTRITION 1 medida &ldquo;colmada&rdquo; 35gs. en 150ml o 200ml de agua o leche descremada. Var&iacute;e la cantidad de l&iacute;quido para lograr el sabor y la consistencia deseada. Batir y consumir.&nbsp;</p>";"Fresa, GoldNutriton, proteina, Recuperacion, tamano-2-27kg, Whey";"Whey Protein Gold Nutrition Fresa 5lbs - Alta Recuperación";"Aumentá masa muscular y recuperate rápido con Whey Protein Gold Nutrition sabor fresa. 28g de proteína y BCAA por porción. ¡Pedila hoy mismo!";"Gold Nutrition";"SI";"";"";"";"109,816.00"
"gold-nutrition-whey-protein-2lb-potencia-rendimiento-sin-sabor-pura-sin-agregados-suplemento-proteina-muscular-hc0db";"Gold Nutrition Whey Protein 2lb Potencia Rendimiento Sin Sabor Pura Sin Agregados Suplemento Proteina Muscular";"Marcas > Suplementos Importados > Gold Nutrition, Suplementos > Proteínas";"";"";"";"";"";"";"79,955.00";"75,957.00";"0.30";"0.00";"0.00";"0.00";"0";"GOLDNU0 PROTE DOY NEUTRO 2LB";"";"SI";"NO";"<h2>Gold Nutrition Whey Protein 2lb Potencia Rendimiento Sin Sabor Pura Sin Agregados Suplemento Proteina Muscular</h2>
<h3>Beneficios Principales</h3>
<ul>
<li><strong>Potencia el desarrollo y recuperaci&oacute;n muscular</strong> tras cada entrenamiento.</li>
<li>Favorece el mantenimiento y aumento de la <strong>masa muscular magra</strong>.</li>
<li>Aporta prote&iacute;nas de alta calidad para una <strong>&oacute;ptima s&iacute;ntesis proteica</strong>.</li>
<li>Ideal para quienes buscan controlar el peso y mejorar la saciedad.</li>
</ul>
<h3>Ingredientes Clave</h3>
<ul>
<li><strong>Prote&iacute;na de Suero de Leche (Whey Protein) Pura</strong>, sin agregados ni saborizantes artificiales.</li>
</ul>
<h3>Modo de Uso</h3>
<ol>
<li><strong>Mezclar una porci&oacute;n (aprox. 30g)</strong> con 200-250 ml de agua, leche descremada o tu bebida favorita.</li>
<li>Consumir <strong>una o dos veces al d&iacute;a</strong>: preferentemente despu&eacute;s de entrenar y/o entre comidas.</li>
</ol>
<h3>Caracter&iacute;sticas Especiales</h3>
<ul>
<li><strong>Sin sabor</strong>: perfecta para agregar a cualquier preparaci&oacute;n, batido o receta, manteniendo la pureza del producto.</li>
<li><strong>Sin agregados</strong>: no contiene az&uacute;cares, colorantes ni conservantes, solo prote&iacute;na pura.</li>
<li><strong>F&aacute;cil disoluci&oacute;n</strong>: se mezcla r&aacute;pido y sin grumos.</li>
<li><strong>Vers&aacute;til</strong>: ideal para incorporar en licuados, yogures o preparaciones fitness.</li>
</ul>
<h3>Perfil Nutricional (Por porci&oacute;n de 30g)</h3>
<ul>
<li><strong>Calor&iacute;as</strong>: 120</li>
<li><strong>Prote&iacute;nas</strong>: 25g</li>
<li><strong>Carbohidratos</strong>: 2g</li>
<li><strong>Grasas</strong>: 1.5g</li>
<li><strong>Az&uacute;cares</strong>: 0g</li>
</ul>
<h3>Sabor y Presentaci&oacute;n</h3>
<ul>
<li><strong>Sabor</strong>: Sin sabor, m&aacute;xima pureza.</li>
<li><strong>Presentaci&oacute;n</strong>: Pote de 2 lb (aprox. 908g), rinde unas 30 porciones.</li>
</ul>
<h3>Advertencias y Precauciones</h3>
<ul>
<li>No exceder la dosis recomendada.</li>
<li>Consultar con un profesional de la salud antes de consumir si est&aacute;s embarazada, en per&iacute;odo de lactancia o ten&eacute;s alguna condici&oacute;n m&eacute;dica preexistente.</li>
<li>Mantener fuera del alcance de los ni&ntilde;os.</li>
<li>Almacenar en un lugar fresco y seco, alejado de la luz solar directa.</li>
</ul>
<p>Mejor&aacute; tu rendimiento y alcanz&aacute; tus objetivos con <strong>Gold Nutrition Whey Protein 2lb</strong>, el suplemento ideal para quienes buscan resultados visibles y saludables.</p>";"GoldNutriton, proteina, SinSabor, Suplemento, tamano-907g, Whey";"Whey Protein Gold Nutrition 2lb sin sabor, pura y sin agregados";"Potencia tu músculo con Whey Protein pura, sin sabor ni agregados. Ideal para rendimiento y recuperación. ¡Lográ tus objetivos fitness hoy mismo!";"Gold Nutrition";"SI";"";"";"";"46,034.00"
"iso-protein-gold-nutriton-sabor-gourmet-908g-1q391";"Iso Protein Gold Nutriton Sabor Gourmet 908g";"Suplementos > Proteínas";"Sabor";"Milk Chocolate";"";"";"";"";"100,184.00";"95,174.00";"0.90";"0.00";"0.00";"0.00";"27";"GOLDNU0 PROTE ISO GOLD CHOCO 2LB";"";"SI";"NO";"<h2>Iso Protein Gold Nutriton Sabor Gourmet 908g</h2>
<p><strong>Iso Protein Gold Nutriton Sabor Gourmet 908g</strong> es la elección ideal para quienes buscan una proteína de alta calidad que potencie el crecimiento y la recuperación muscular. Disponible en deliciosos sabores <em>Chocolate</em> o <em>Vainilla</em>, esta proteína aislada se destaca por su pureza y perfil nutricional superior, diseñada para acompañar tu entrenamiento y optimizar tus resultados.</p>

<h3><strong>Beneficios Principales</strong></h3>
<ul>
<li><strong>Promueve el desarrollo muscular:</strong> Contribuye a incrementar y mantener la masa muscular magra.</li>
<li><strong>Recuperación eficiente:</strong> Favorece la síntesis de proteínas después de la actividad física, acelerando la recuperación.</li>
<li><strong>Gestión del peso:</strong> Ayuda a aumentar la sensación de saciedad y el control del apetito.</li>
</ul>

<h3><strong>Ingredientes Clave</strong></h3>
<ul>
<li><strong>Proteína de Suero Aislada (Whey Isolate):</strong> Máxima pureza y rápida absorción, sin azúcares añadidos.</li>
</ul>

<h3><strong>Modo de Uso</strong></h3>
<ol>
<li>Mezclar una porción (aprox. 30g) con 200-250 ml de agua o leche descremada.</li>
<li>Consumir una o dos veces al día, preferentemente después del entrenamiento y/o entre comidas.</li>
</ol>

<h3><strong>Características Especiales</strong></h3>
<ul>
<li><strong>Textura suave y fácil disolución:</strong> Sin grumos, perfecta para batidos o recetas saludables.</li>
<li><strong>Apta para recetas:</strong> Incorpora Iso Protein en smoothies, bowl de desayuno o preparaciones fitness.</li>
<li><strong>Presentación práctica:</strong> Doypack de 908g, rinde aproximadamente 30 porciones.</li>
</ul>

<h3><strong>Perfil Nutricional (por porción de 30g)</strong></h3>
<ul>
<li>Calorías: 110</li>
<li>Proteínas: 27g</li>
<li>Carbohidratos: 1g</li>
<li>Grasas: 0.5g</li>
</ul>

<h3><strong>Sabor y Presentación</strong></h3>
<ul>
<li><em>Sabores disponibles:</em> Chocolate y Vainilla</li>
<li><em>Contenido neto:</em> 908g</li>
</ul>

<h3><strong>Advertencias y Precauciones</strong></h3>
<ul>
<li>No superar la dosis diaria recomendada.</li>
<li>Consultar con un profesional de la salud antes de usar si está embarazada, en lactancia o bajo tratamiento médico.</li>
<li>Mantener fuera del alcance de los niños.</li>
<li>Conservar en lugar fresco, seco y protegido de la luz.</li>
</ul>

<p><strong>Optimizá tu nutrición deportiva con Iso Protein Gold Nutriton Sabor Gourmet 908g y disfrutá de un sabor superior en cada entrenamiento.</strong></p>";"GoldNutriton, Gourmet, Proteina, proteina-isolate, Recuperacion, sabor-chocolate, Whey";"Iso Protein Gold Nutriton proteína gourmet 908g alta pureza";"Iso Protein Gold Nutriton 908g: proteína aislada, sabor gourmet, ideal para recuperación y desarrollo muscular. ¡Probá la pureza en tus entrenamientos!";"Gold Nutrition";"SI";"";"";"";"57,681.00"
"iso-protein-gold-nutriton-sabor-gourmet-908g-1q391";"";"";"Sabor";"Vainilla";"";"";"";"";"100,184.00";"95,174.00";"0.90";"0.00";"0.00";"0.00";"20";"GOLDNU0 PROTE ISO GOLD VAINI 2LB";"";"";"";"";"proteina-isolate, sabor-vainilla";"";"";"";"";"";"";"";"57,681.00"
"vegetal-protein-isolate-2lbs-100-b12-gold-nutrition-vegan-sabor-chocolate-ze5e7";"Vegetal Protein Isolate 2lbs 100% B12 Gold Nutrition Vegan Sabor Chocolate";"Marcas > Suplementos Importados > Gold Nutrition, Suplementos > Proteínas";"";"";"";"";"";"";"36,014.00";"34,213.00";"0.90";"0.00";"0.00";"0.00";"263";"GOLDNU0 PROTE VEGAN CHOCO";"";"SI";"NO";"NUEVA PROTEÍNA ISOLADA 100% VEGETAL GOLD NUTRITION  <br />
""VEGAN FRIENDLY""  <br />
La proteína natural más pura que existe.<br />
<br />
Un blend perfectamente aislada con un aporte de 30g de proteína natural por dosis, altamente rica en aminoácidos de cadena ramificada y aminoácidos esenciales. Fortificada con Vitamina B12.<br />
<br />
CERO % de carbohidratos y endulzada con stevia.<br />
<br />
VEGETAL PROTEIN ISOLATE® está desarrollada a base de un blend de proteína de arvejas, arroz y soja, adecuadamente aislada logrando conseguir un aminograma completo en los nueve aminoácidos esenciales y fortificada con Vitamina B12.<br />
<br />
Elaborada con ingredientes 100% naturales, no contiene colorantes ni conservantes artificiales, siendo una opción 100% VEGANA.<br />
<br />
INGREDIENTES: Proteína de arveja, proteína de lupino, proteína de arroz, Vitamina B12. ARO: sabor coco, EDU: INS 950 (acesulfame K: 49 miligramos/porción), INS 955 (sucralosa: 24.5 ml/porción), INS 960 (stevia: 1.75ml/porción). Puede contener derivados de soja, leche, huevo y maní.<br />
<br />
Recomendada para:  <br />
Personas que eligen una alimentación vegetariana y/o vegana  <br />
Personas intolerantes a la lactosa  <br />
Aquellos que busquen más % de pureza  <br />
Complementar una dieta con deficiencia proteica<br />
<br />
Viene en 3 sabores: COCO, MANZANA Y SABOR NEUTRO. Todas sin azúcar. Están endulzadas con stevia.<br />
<br />
Por su origen netamente vegetal, se recomienda acompañarla con leche vegetal a gusto de cada uno, para realzar su extraordinario sabor.<br />
<br />
PREPARACIÓN:  <br />
Diluir en un shaker GOLD NUTRITION 1 medida ""colmada"" 35g en 200ml de leche vegetal.  <br />
Varíe la cantidad de líquido para lograr el sabor y la consistencia deseada. Batir y consumir.<br />
<br />
DOSIS RECOMENDADA:  <br />
Se recomienda consumir 1 porción dentro de los 30min. posteriores al entrenamiento o en cualquier momento del día.";"proteina-vegetal, tamano-907g";"";"";"Gold Nutrition";"SI";"";"";"";"20,735.00"
"proteina-vegana-gold-nutrition-vainilla-907g-polvo-vainilla-1yn72";"Proteína Vegana Gold Nutrition Vainilla 907g Polvo Vainilla";"Marcas > Suplementos Importados > Gold Nutrition, Suplementos > Proteínas";"";"";"";"";"";"";"36,014.00";"34,213.00";"0.90";"0.00";"0.00";"0.00";"185";"GOLDNU0 PROTE VEGAN VAINILLA";"790910318387";"SI";"NO";"La Proteína Vegana Gold Nutrition Vainilla es la opción ideal para quienes buscan un suplemento alimenticio de alta calidad y completamente vegetal. Con un peso neto de 907 g, este polvo está formulado con una mezcla de proteínas de arroz, arveja y soja, proporcionando un perfil completo de aminoácidos que apoya el desarrollo muscular y la recuperación después del ejercicio.<br />
<br />
Cada porción de 35 g ofrece 30 g de aminoácidos, lo que la convierte en una excelente elección para deportistas y personas activas. Su sabor a vainilla la hace fácil de mezclar en batidos, yogures o incluso en recetas de repostería, permitiendo disfrutar de un aporte proteico sin sacrificar el sabor.<br />
<br />
Este producto es libre de gluten y no contiene lactosa, lo que lo hace apto para personas con intolerancias alimentarias. Además, al ser vegano, es una opción perfecta para quienes siguen una dieta basada en plantas, garantizando un aporte nutricional sin ingredientes de origen animal.<br />
<br />
La Proteína Vegana Gold Nutrition es adecuada para adultos a partir de 18 años y no es recomendada para personas en período de lactancia o embarazo. Con su práctico envase de bolsa, es fácil de almacenar y utilizar, convirtiéndola en una adición conveniente a tu rutina diaria de nutrición.";"proteina-vegetal";"";"";"Gold Nutrition";"SI";"";"";"";"20,735.00"
"proteina-aislada-de-soja-natural-nutrition-907g-premium-cookies-and-cream-zln9x";"Proteina Aislada De Soja Natural Nutrition 907g Premium Cookies And Cream";"Marcas > Suplementos Nacionales Deportivos > Natural Nutrition, Suplementos > Proteínas";"";"";"";"";"";"";"38,114.00";"36,208.00";"0.91";"0.00";"0.00";"0.00";"5";"NATURALNU0 PROTE VEGETAL COOKIES 2LBS";"";"SI";"NO";"DISOLVER CON 500ML  <br />
La Proteína Aislada de Soja Natural Nutrition es el complemento ideal para quienes buscan potenciar su nutrición de forma saludable. Con 25 gramos de proteína por porción de 30 gramos, este suplemento en polvo es perfecto para quienes practican deportes o desean aumentar su ingesta proteica en la dieta diaria. Su formulación vegana y libre de gluten lo convierte en una opción accesible para diferentes estilos de vida.  <br />
<br />
Diseñada especialmente para personas a partir de 14 años, esta proteína aislada vegetal no contiene lactosa, ideal para aquellos con intolerancias o que prefieren evitar productos lácteos. Además, su presentación en polvo facilita la incorporación en batidos, smoothies y recetas de cocina saludables.  <br />
<br />
La Proteína Aislada de Soja es una elección nutritiva que contribuye a la recuperación muscular, ayudando a alcanzar tus objetivos de fitness o bienestar general. Incorpora esta proteína en tu rutina diaria y siente la diferencia en tu energía y rendimiento.";"Natural, Proteina, proteina-isolate, Recuperacion, SinGluten, Vegana";"Proteína aislada de soja Natural Nutrition cookies & cream 907g";"Potenciá tu nutrición con proteína de soja vegana, sin gluten y sin lactosa. Ideal para deportistas. ¡Mejorá tu energía y recuperación muscular!";"Natural Nutrition";"SI";"";"";"";"21,944.00"
"proteina-aislada-de-soja-natural-nutrition-907g-premium-milkshake-wc4el";"Proteina Aislada De Soja Natural Nutrition 907g Premium Milkshake";"Marcas > Suplementos Nacionales Deportivos > Natural Nutrition, Suplementos > Proteínas";"";"";"";"";"";"";"38,114.00";"36,208.00";"0.91";"0.00";"0.00";"0.00";"16";"NATURALNU0 PROTE VEGETAL MILKSHAKE 2LBS";"";"SI";"NO";"DISOLVER CON 500ML  <br />
La Proteína Aislada de Soja Natural Nutrition es el complemento ideal para quienes buscan potenciar su nutrición de forma saludable. Con 25 gramos de proteína por porción de 30 gramos, este suplemento en polvo es perfecto para quienes practican deportes o desean aumentar su ingesta proteica en la dieta diaria. Su formulación vegana y libre de gluten lo convierte en una opción accesible para diferentes estilos de vida.  <br />
<br />
Diseñada especialmente para personas a partir de 14 años, esta proteína aislada vegetal no contiene lactosa, ideal para aquellos con intolerancias o que prefieren evitar productos lácteos. Además, su presentación en polvo facilita la incorporación en batidos, smoothies y recetas de cocina saludables.  <br />
<br />
La Proteína Aislada de Soja es una elección nutritiva que contribuye a la recuperación muscular, ayudando a alcanzar tus objetivos de fitness o bienestar general. Incorpora esta proteína en tu rutina diaria y siente la diferencia en tu energía y rendimiento.";"Natural, Proteina, proteina-isolate, SinGluten, Suplemento, Vegana";"Proteína aislada de soja Natural Nutrition 907g vegana premium";"Aumentá tu proteína diaria con soja aislada vegana Natural Nutrition. Ideal para deportistas y dietas sin gluten. ¡Probala en tus batidos hoy!";"Natural Nutrition";"SI";"";"";"";"21,944.00"
"syntha-6-bsn-x-1-45lb-658gr-14-serv-importada-mwfdh";"Syntha 6 Bsn X 1.45lb - 658gr (14 Serv) Importada";"Marcas > Suplementos Importados > BSN, Suplementos > Proteínas";"Sabor";"Chocolate";"";"";"";"";"83,955.00";"79,757.00";"0.66";"0.00";"0.00";"0.00";"0";"BSN0 SYNTHA6. 1.4LB CHOCO";"";"SI";"NO";"<h2>Syntha 6 Bsn X 1.45lb - 658gr (14 Serv) Importada</h2>
<p>¡Descubrí el poder de una proteína premium con <strong>Syntha 6 Bsn</strong>, la opción importada ideal para quienes buscan resultados visibles y una experiencia deliciosa! Disponible en sabores irresistibles: <strong>Chocolate Milkshake</strong>, <strong>Strawberry</strong> o <strong>Vainilla Ice Cream</strong>.</p>

<h3><strong>Beneficios principales</strong></h3>
<ul>
<li><strong>Favorece el crecimiento y la recuperación muscular</strong> gracias a su exclusiva mezcla de proteínas de absorción múltiple.</li>
<li><strong>Aporta energía sostenida</strong>, ideal para entrenamientos intensos o como complemento nutricional diario.</li>
<li><strong>Promueve la saciedad y ayuda a la gestión del peso</strong> al mantenerte satisfecho por más tiempo.</li>
</ul>

<h3><strong>Ingredientes clave</strong></h3>
<ul>
<li>Mezcla avanzada de proteínas de leche, caseína y suero.</li>
<li>Aminoácidos esenciales y BCAA's para maximizar la síntesis proteica.</li>
<li>Bajo contenido de azúcares añadidos.</li>
</ul>

<h3><strong>Modo de uso</strong></h3>
<ol>
<li>Mezclá <strong>una porción (aprox. 47g, 1 scoop)</strong> con 200-250 ml de agua fría o leche descremada.</li>
<li>Consumir <strong>una o dos veces por día</strong>, preferentemente después del entrenamiento y/o como snack entre comidas.</li>
</ol>

<h3><strong>Características especiales</strong></h3>
<ul>
<li><strong>Textura cremosa y sabor superior</strong> en cada batido.</li>
<li>Fácil disolución, sin grumos.</li>
<li><strong>Formato práctico</strong> de 658g (14 servicios), ideal para quienes buscan calidad y comodidad.</li>
</ul>

<h3><strong>Perfil nutricional (por porción de 47g)</strong></h3>
<ul>
<li>Calorías: Aproximadamente 200 kcal</li>
<li>Proteínas: 22g</li>
<li>Carbohidratos: 15g</li>
<li>Grasas: 6g</li>
<li>Azúcares: 2g</li>
</ul>

<h3><strong>Presentación y sabores</strong></h3>
<ul>
<li><strong>Sabores disponibles:</strong> Chocolate Milkshake, Strawberry, Vainilla Ice Cream.</li>
<li><strong>Presentación:</strong> Pote de 1.45lb (658g), rinde aproximadamente 14 porciones.</li>
</ul>

<h3><strong>Advertencias y precauciones</strong></h3>
<ul>
<li>No exceder la dosis recomendada.</li>
<li>Consultar con un profesional de la salud antes de usar si está embarazada, en período de lactancia o tiene condiciones médicas preexistentes.</li>
<li>Mantener fuera del alcance de los niños.</li>
<li>Almacenar en lugar fresco y seco.</li>
</ul>

<p><strong>¡Elegí Syntha 6 Bsn y llevá tu nutrición deportiva al siguiente nivel con sabor y calidad internacional!</strong></p>";"BSN, Chocolate, Deportistas, proteina, Recuperacion, sabor-chocolate, tamano-2-27kg";"Proteína Syntha 6 BSN Chocolate Milkshake 658g Importada";"Mejora tu rendimiento con proteína Syntha 6 BSN, sabor chocolate milkshake. Recuperación muscular y nutrición efectiva. ¡Proba su sabor hoy!";"Bsn";"SI";"";"";"";"48,337.00"
"syntha-6-bsn-x-1-45lb-658gr-14-serv-importada-mwfdh";"";"";"Sabor";"Strawberry";"";"";"";"";"83,955.00";"79,757.00";"0.66";"0.00";"0.00";"0.00";"4";"BSN0 SYNTHA6. 1.4LB STRAW";"";"";"";"";"proteina, sabor-frutilla, tamano-2-27kg";"";"";"";"";"";"";"";"48,337.00"
"syntha-6-bsn-x-1-45lb-658gr-14-serv-importada-mwfdh";"";"";"Sabor";"Vainilla";"";"";"";"";"83,955.00";"79,757.00";"0.66";"0.00";"0.00";"0.00";"0";"BSN0 SYNTHA6. 1.4LB VAINI";"";"";"";"";"proteina, sabor-vainilla, tamano-2-27kg";"";"";"";"";"";"";"";"48,337.00"
"proteina-vegana-natural-pro-vegan-woman-454g-chocolate-chocolate-71yrl";"Proteina Vegana Natural Pro Vegan Woman 454g Chocolate Chocolate";"Marcas > Suplementos Importados > Woman, Suplementos > Proteínas";"";"";"";"";"";"";"29,506.00";"28,031.00";"0.45";"0.00";"0.00";"0.00";"0";"WOMAN0 NATURAL PRO VEGAN CHOCOLATE 453G";"";"SI";"NO";"<h2>Proteína Vegana Natural Pro Vegan Woman 454g Chocolate</h2>
<p><strong>Descubrí una alternativa saludable y deliciosa para potenciar tu nutrición diaria con la Proteína Vegana Natural Pro Vegan Woman en su exquisito sabor Chocolate. Especialmente formulada para mujeres que buscan cuidar su salud y bienestar de forma natural, esta proteína vegetal es tu aliada ideal para complementar una alimentación equilibrada y un estilo de vida activo.</strong></p>

<h3>Beneficios Principales</h3>
<ul>
<li><strong>Favorece el desarrollo y recuperación muscular</strong> gracias a su aporte de proteínas vegetales completas.</li>
<li><strong>Apoya la saciedad y el control del peso</strong> en dietas balanceadas.</li>
<li><strong>Ideal para una dieta vegana o vegetariana</strong>, libre de ingredientes de origen animal y sin lactosa.</li>
<li>Contribuye a la <strong>síntesis de proteínas</strong> después del entrenamiento.</li>
</ul>

<h3>Ingredientes Clave</h3>
<ul>
<li>Mezcla de proteínas vegetales (arveja, arroz, chía y/o similares).</li>
<li>Cacao natural para un sabor intenso a chocolate.</li>
<li>Endulzantes naturales (como stevia o eritritol).</li>
<li>Sin ingredientes artificiales ni conservantes.</li>
</ul>

<h3>Modo de Uso</h3>
<ol>
<li>Mezclar una porción (aproximadamente 30g) con 200-250 ml de agua, leche vegetal o tu bebida preferida.</li>
<li>Consumir 1 o 2 veces al día, preferentemente después de entrenar o entre comidas.</li>
</ol>

<h3>Características Especiales</h3>
<ul>
<li><strong>Fácil de disolver</strong>: Se integra perfectamente en líquidos, sin grumos.</li>
<li><strong>Versátil</strong>: Sumala a smoothies, avena, postres o recetas fitness.</li>
<li><strong>Apta para celíacos</strong>: Libre de gluten.</li>
<li>Sin azúcares agregados ni colorantes artificiales.</li>
</ul>

<h3>Perfil Nutricional (por porción de 30g)</h3>
<ul>
<li>Calorías: 110</li>
<li>Proteínas: 20g</li>
<li>Carbohidratos: 4g</li>
<li>Grasas: 2g</li>
<li>Azúcares: 0g</li>
<li>Fibra dietética: 2g</li>
</ul>

<h3>Sabor y Presentación</h3>
<ul>
<li><strong>Sabor:</strong> Chocolate intenso y natural.</li>
<li><strong>Presentación:</strong> Doypack de 454g, rinde aproximadamente 15 porciones.</li>
</ul>

<h3>Advertencias y Precauciones</h3>
<ul>
<li>No exceder la dosis recomendada.</li>
<li>Consultá a tu médico antes de consumir si estás embarazada, en período de lactancia o tenés alguna condición médica.</li>
<li>Mantener fuera del alcance de los niños.</li>
<li>Almacená en un lugar fresco y seco, protegido de la luz solar directa.</li>
</ul>

<p>¡Sumá la Proteína Vegana Natural Pro Vegan Woman a tu rutina y disfrutá de un aporte proteico de calidad, sabroso y 100% vegetal!</p>";"Chocolate, Mujer, Natural, Proteina, proteina-vegetal, tamano-454g, Vegana";"Proteína Vegana Chocolate Mujer 454g Natural Pro Vegan";"Disfrutá Proteína Vegana Natural Pro Vegan Woman 454g Chocolate. Nutrición vegetal, sin gluten ni lactosa. ¡Sumala a tu rutina saludable hoy!";"Woman Supplements";"SI";"";"";"";"16,988.00"
"mervick-whey-protein-80-proteina-bcaa-glutamina-5lb-75-dosis";"Mervick Whey Protein 80% Proteína + BCAA + Glutamina 5LB (75 Dosis)";"Marcas > Suplementos Nacionales Deportivos > Mervick, Suplementos > Proteínas";"Sabor";"Strawberry Cream";"";"";"";"";"140,863.00";"133,819.00";"2.27";"0.00";"0.00";"0.00";"18";"MERV0 PROTE 5LB FRUTI";"";"SI";"NO";"<h2>Mervick Whey Protein 80% Proteína + BCAA + Glutamina 5LB (75 Dosis)</h2>
<h3><strong>Beneficios Principales</strong></h3>
<ul>
<li><strong>Favorece el crecimiento y la recuperación muscular</strong>, ideal para deportistas que buscan mejorar su rendimiento.</li>
<li><strong>Aporta 80% de proteína de suero de alta calidad</strong> por porción, ayudando al desarrollo de masa muscular magra.</li>
<li><strong>Incluye BCAA y Glutamina</strong>, fundamentales para acelerar la recuperación y reducir la fatiga muscular post-entrenamiento.</li>
<li>Contribuye a una <strong>síntesis proteica eficiente</strong> y al mantenimiento de la masa muscular durante períodos de entrenamiento intenso.</li>
</ul>

<h3><strong>Ingredientes Clave</strong></h3>
<ul>
<li><strong>Proteína de suero de leche concentrada (Whey Protein)</strong></li>
<li><strong>Aminoácidos de cadena ramificada (BCAA)</strong></li>
<li><strong>Glutamina</strong>  </li>
<li>Aromas y edulcorantes según el sabor elegido: <em>Strawberry Cream</em> o <em>Chocolate Milk</em></li>
</ul>

<h3><strong>Modo de Uso</strong></h3>
<ol>
<li>Mezclar una porción (aprox. 33g) con 250-300 ml de agua o leche descremada.</li>
<li>Consumir 1 a 2 veces al día, preferentemente después del entrenamiento y/o entre comidas para potenciar la recuperación.</li>
</ol>

<h3><strong>Características Especiales</strong></h3>
<ul>
<li><strong>Presentación económica:</strong> 5LB (2,27 kg) rinde 75 dosis.</li>
<li><strong>Textura suave y fácil disolución</strong>, sin grumos.</li>
<li><strong>Dos sabores disponibles:</strong> <em>Strawberry Cream</em> (crema de frutilla) o <em>Chocolate Milk</em> (leche chocolatada).</li>
<li><em>Apto para combinar en batidos, smoothies y recetas saludables.</em></li>
</ul>

<h3><strong>Perfil Nutricional (por porción de 33g)</strong></h3>
<ul>
<li>Proteínas: 26g</li>
<li>BCAA: 6g</li>
<li>Glutamina: 5g</li>
<li>Carbohidratos y grasas: bajos, ideal para dietas de definición o mantenimiento.</li>
</ul>

<h3><strong>Advertencias y Precauciones</strong></h3>
<ul>
<li>No exceder la dosis recomendada.</li>
<li>Consultar a un profesional de la salud antes de consumir si está embarazada, en período de lactancia o si presenta alguna condición médica.</li>
<li>Mantener fuera del alcance de los niños.</li>
<li>Conservar en un lugar fresco y seco, alejado de la luz solar directa.</li>
</ul>

<p><strong>Mervick Whey Protein 80%</strong> es tu aliado para alcanzar tus metas deportivas, aportando una combinación óptima de proteína, BCAA y glutamina en cada toma. ¡Elegí tu sabor favorito y llevá tu nutrición al siguiente nivel!</p>";"BCAA, Deportistas, Glutamina, Mervick, proteina, sabor-frutilla, tamano-2-27kg";"Whey Protein 80% Mervick con BCAA y Glutamina 5LB (75 Dosis)";"Mejorá tu rendimiento con Whey Protein 80% Mervick, BCAA y Glutamina. 75 dosis. ¡Recuperación y masa muscular garantizadas! Comprá ahora.";"Mervick";"SI";"";"";"";"81,102.00"
"mervick-whey-protein-80-proteina-bcaa-glutamina-5lb-75-dosis";"";"";"Sabor";"Chocolate Milk";"";"";"";"";"140,863.00";"133,819.00";"2.27";"0.00";"0.00";"0.00";"0";"MERV0 PROTE 5LB CHOCO";"";"";"";"";"proteina, sabor-chocolate, tamano-2-27kg";"";"";"";"";"";"";"";"81,102.00"
"suplemento-en-polvo-optimum-nutrition-proteina-proteina-sabor-cookies-cream-x-816g";"Suplemento En Polvo Optimum Nutrition Proteína Proteína Sabor Cookies & Cream X 816g";"Marcas > Suplementos Nacionales Deportivos, Marcas > Suplementos Nacionales Nutricionales, Marcas > Suplementos Importados > Optimum, Suplementos > Proteínas";"";"";"";"";"";"";"127,655.00";"121,272.00";"0.82";"0.00";"0.00";"0.00";"0";"OPTIM0 POTE 816G COOKIES";"748927028638";"SI";"NO";"<h2>Suplemento En Polvo Optimum Nutrition Proteína Sabor Cookies &amp; Cream X 816g</h2>
<h3>Beneficios Principales</h3>
<ul>
<li><strong>Fomenta el crecimiento muscular</strong>: Proporciona proteínas de alta calidad, esenciales para el desarrollo muscular y la recuperación post-entrenamiento.</li>
<li><strong>Optimiza la recuperación</strong>: Ayuda a reparar las fibras musculares tras actividades físicas intensas, acelerando la recuperación.</li>
<li><strong>Contribuye al mantenimiento de masa muscular magra</strong>: Ideal para quienes buscan mejorar su perfil corporal y potenciar el rendimiento físico.</li>
<li><strong>Favorece la saciedad</strong>: Perfecto para complementar tu nutrición diaria y controlar el apetito.</li>
</ul>

<h3>Ingredientes Clave</h3>
<ul>
<li><em>Mezcla de proteína de suero concentrada y aislada</em>.</li>
<li>Saborizantes naturales y artificiales (Cookies &amp; Cream).</li>
<li>Edulcorantes autorizados.</li>
</ul>

<h3>Modo de Uso</h3>
<ol>
<li>Mezclar <strong>una porción (aprox. 30g)</strong> con 200-250 ml de agua fría o leche descremada.</li>
<li>Consumir <strong>inmediatamente después del entrenamiento</strong> o como refuerzo proteico entre comidas.</li>
<li>Ajustar la cantidad diaria según las necesidades nutricionales personales.</li>
</ol>

<h3>Características Especiales</h3>
<ul>
<li><strong>Fácil disolución</strong>: Se mezcla rápidamente, evitando grumos.</li>
<li><strong>Textura cremosa y delicioso sabor Cookies &amp; Cream</strong>.</li>
<li><em>Apto para recetas de batidos, smoothies o repostería saludable.</em></li>
<li>Excelente opción para deportistas y personas activas.</li>
</ul>

<h3>Perfil Nutricional (Por porción de 30g)</h3>
<ul>
<li>Calorías: 120</li>
<li>Proteínas: 24g</li>
<li>Carbohidratos: 3g</li>
<li>Grasas: 1.5g</li>
<li>Azúcares: 1g</li>
</ul>

<h3>Sabor y Presentación</h3>
<ul>
<li><strong>Sabor</strong>: Cookies &amp; Cream</li>
<li><strong>Presentación</strong>: Pote de 816g, rinde aproximadamente 27 porciones.</li>
</ul>

<h3>Advertencias y Precauciones</h3>
<ul>
<li>No exceder la dosis diaria recomendada.</li>
<li>Consultar al médico antes de usar si está embarazada, amamantando, o presenta una condición médica preexistente.</li>
<li>Mantener fuera del alcance de los niños.</li>
<li>Almacenar en lugar fresco, seco y protegido de la luz solar directa.</li>
<li>Contiene derivados de leche. No apto para personas intolerantes a la lactosa o alérgicas a proteínas lácteas.</li>
</ul>

<p><strong>¡Optá por la calidad de Optimum Nutrition y llevá tu entrenamiento al siguiente nivel con el sabor irresistible de Cookies &amp; Cream!</strong></p>";"Optimum, Optimum Nutrition, Protein, proteina, Whey Protein, Whey Protein Optimum";"Proteína Optimum Nutrition Cookies & Cream 816g - Recuperación Mus";"Disfrutá la proteína Optimum Nutrition Cookies & Cream 816g: crecimiento muscular, fácil disolución y delicioso sabor. ¡Mejorá tu recuperación y rendimiento hoy!";"Optimum";"SI";"";"";"";"73,498.00"
"proteina-on-gold-standard-100-whey-x-1-5-lb";"Proteína On Gold Standard 100% Whey X 1.5 Lb";"Marcas > Suplementos Importados > Optimum, Suplementos > Proteínas";"Sabor";"Chocolate";"";"";"";"";"89,648.00";"85,165.00";"0.68";"0.00";"0.00";"0.00";"0";"OPTIM0 POTE 682G CHOCOLATE";"";"SI";"NO";"<h2>Proteína On Gold Standard 100% Whey X 1.5 Lb</h2>
<h3>Beneficios Principales</h3>
<ul>
<li><strong>Favorece el crecimiento y la recuperación muscular</strong> gracias a su contenido de proteína de suero de alta calidad.</li>
<li>Ayuda a <strong>mantener y desarrollar masa muscular magra</strong>, ideal para deportistas y personas activas.</li>
<li>Facilita la <strong>síntesis de proteínas</strong> tras el ejercicio, acelerando la recuperación y disminuyendo el catabolismo muscular.</li>
<li>Contribuye a la <strong>saciedad</strong> y al manejo saludable del peso corporal.</li>
</ul>

<h3>Ingredientes Clave</h3>
<ul>
<li><strong>Proteína de Suero de Leche Concentrada y Aislada</strong>: máxima pureza y excelente perfil de aminoácidos.</li>
<li>Aditivos mínimos para garantizar un producto de alta calidad y fácil digestión.</li>
</ul>

<h3>Modo de Uso</h3>
<ol>
<li>Mezclar <strong>una porción (aproximadamente 30g)</strong> con 200-250 ml de agua o leche descremada.</li>
<li>Consumir 1 a 2 veces al día, preferentemente <strong>después del entrenamiento</strong> y/o entre comidas, según tus objetivos y recomendaciones de tu nutricionista.</li>
</ol>

<h3>Características Especiales</h3>
<ul>
<li><strong>Variedad de sabores</strong>: Elegí entre <em>Chocolate</em>, <em>Vainilla</em> o <em>Frutilla</em> para disfrutar tu proteína favorita.</li>
<li><strong>Fácil disolución</strong>: Se mezcla de manera rápida y uniforme, sin grumos.</li>
<li><strong>Versatilidad</strong>: Ideal para batidos, smoothies o recetas saludables.</li>
</ul>

<h3>Perfil Nutricional (por porción de 30g)</h3>
<ul>
<li>Calorías: 120</li>
<li>Proteínas: 24g</li>
<li>Carbohidratos: 3g</li>
<li>Grasas: 1g</li>
</ul>
<p><em>(Los valores pueden variar levemente según el sabor seleccionado.)</em></p>

<h3>Sabor y Presentación</h3>
<ul>
<li><strong>Sabores disponibles</strong>: Chocolate, Vainilla y Frutilla.</li>
<li><strong>Presentación</strong>: Envase de 1.5 lb (680g), rinde aproximadamente 22 porciones.</li>
</ul>

<h3>Advertencias y Precauciones</h3>
<ul>
<li>No exceder la dosis diaria recomendada.</li>
<li>Consultar a un profesional de la salud antes de usar si está embarazada, en lactancia o si padece alguna condición médica preexistente.</li>
<li>Mantener fuera del alcance de los niños.</li>
<li>Almacenar en un lugar fresco y seco, protegido de la luz solar directa.</li>
</ul>

<p><strong>Proteína On Gold Standard 100% Whey X 1.5 Lb</strong> es la opción ideal para quienes buscan una proteína de máxima calidad, con excelente sabor y resultados comprobados. ¡Optimizá tu rendimiento y recuperación muscular hoy mismo!</p>";"Optimum, Optimum Nutrition, Protein, proteina, sabor-chocolate, tamano-2-27kg, Whey Protein, Whey Protein Optimum";"Proteína On Gold Chocolate 1.5 Lb - Recuperación Muscular Rápida";"Disfrutá la proteína On Gold Chocolate 1.5 lb, ideal para recuperación muscular y mejorar tu rendimiento. ¡Sumala a tu rutina y sentí la diferencia!";"Optimum";"SI";"";"";"";"51,615.00"
"proteina-on-gold-standard-100-whey-x-1-5-lb";"";"";"Sabor";"Frutilla";"";"";"";"";"89,648.00";"85,165.00";"0.68";"0.00";"0.00";"0.00";"0";"OPTIM0 POTE 682G FRUTILLA";"";"";"";"";"proteina, sabor-frutilla, tamano-2-27kg";"";"";"";"";"";"";"";"51,615.00"
"proteina-on-gold-standard-100-whey-x-1-5-lb";"";"";"Sabor";"Vainilla";"";"";"";"";"89,648.00";"85,165.00";"0.68";"0.00";"0.00";"0.00";"0";"OPTIM0 POTE 682G VAINILLA";"";"";"";"";"proteina, sabor-vainilla, tamano-2-27kg";"";"";"";"";"";"";"";"51,615.00"
"proteina-gold-standard-100-whey-x-310g";"Proteína Gold Standard 100% Whey X 310g";"Marcas > Suplementos Importados > Optimum, Suplementos > Proteínas";"Sabor";"Vainilla";"";"";"";"";"61,128.00";"58,071.00";"0.31";"0.00";"0.00";"0.00";"0";"OPTIM0 310G VAINI";"";"SI";"NO";"<h2>Proteína Gold Standard 100% Whey X 310g</h2>
<h3>Beneficios Principales</h3>
<ul>
<li><strong>Promueve el crecimiento y la recuperación muscular</strong>: Su fórmula avanzada es ideal para quienes buscan aumentar masa muscular y acelerar la recuperación post entrenamiento.</li>
<li><strong>Favorece la síntesis de proteínas</strong>: Aporta proteínas de alta calidad para potenciar la reparación y el desarrollo muscular.</li>
<li><strong>Apoya la saciedad y el control del peso</strong>: Ideal para complementar tu dieta y mantenerte satisfecho por más tiempo.</li>
</ul>
<h3>Ingredientes Clave</h3>
<ul>
<li><em>Proteína de suero de leche (Whey Protein) ultra pura</em>, reconocida mundialmente por su excelente perfil de aminoácidos y rápida absorción.</li>
<li>Disponibles en dos deliciosas variantes: <strong>Chocolate</strong> o <strong>Vainilla</strong>.</li>
</ul>
<h3>Modo de Uso</h3>
<ol>
<li>Mezclar una porción (aprox. 30g) de Proteína Gold Standard 100% Whey con 200-250 ml de agua, leche descremada o tu bebida favorita.</li>
<li>Consumir 1 a 2 veces al día, preferentemente después del entrenamiento y/o entre comidas, según tus necesidades nutricionales.</li>
</ol>
<h3>Características Especiales</h3>
<ul>
<li><strong>Fácil disolución</strong>: Se mezcla fácilmente, sin grumos ni residuos.</li>
<li><strong>Versatilidad</strong>: Puede utilizarse en batidos, smoothies o recetas saludables.</li>
<li><em>Bajo en grasas y azúcares</em>, lo que la convierte en una opción apta para diferentes planes alimenticios.</li>
<li><em>Sin gluten.</em></li>
</ul>
<h3>Perfil Nutricional (por porción de 30g)</h3>
<ul>
<li>Calorías: 120</li>
<li>Proteínas: 24g</li>
<li>Carbohidratos: 3g</li>
<li>Grasas: 1g</li>
<li>Azúcares: 1g</li>
</ul>
<h3>Sabor y Presentación</h3>
<ul>
<li><em>Sabores disponibles</em>: <strong>Chocolate</strong> y <strong>Vainilla</strong></li>
<li><em>Presentación</em>: Envase de 310g, rinde aproximadamente 10 porciones.</li>
</ul>
<h3>Advertencias y Precauciones</h3>
<ul>
<li>No exceder la dosis recomendada.</li>
<li>Consultar a un médico antes de usar si está embarazada, en período de lactancia o tiene alguna condición médica preexistente.</li>
<li>Mantener fuera del alcance de los niños.</li>
<li>Almacenar en un lugar fresco y seco, lejos de la luz solar directa.</li>
<li>Contiene derivados de leche.</li>
</ul>
<p><strong>¡Elegí Proteína Gold Standard 100% Whey para potenciar tus entrenamientos y alcanzar tus objetivos de forma efectiva y deliciosa!</strong></p>";"Gold Standard, Optimum, Optimum Nutrition, proteina, sabor-vainilla, Whey Protein Optimum";"Proteína Gold Standard 100% Whey 310g - Ganá músculo y recuperate";"Sumá Proteína Gold Standard 100% Whey 310g a tu rutina, aumentá masa muscular y recuperate rápido. Fácil de disolver, baja en grasas. ¡Probala hoy mismo!";"Optimum";"SI";"";"";"";"35,194.00"
"proteina-gold-standard-100-whey-x-310g";"";"";"Sabor";"Chocolate";"";"";"";"";"59,020.00";"56,069.00";"0.31";"0.00";"0.00";"0.00";"31";"OPTIM0 310G CHOCO";"";"";"";"";"proteina, sabor-chocolate";"";"";"";"";"";"";"";"33,981.00"
"pote-100--pure-whey-lacprodan-1-kg-sin-sabor-body-advance-en-polvo";"Pote 100 % Pure Whey Lacprodan 1 Kg Sin Sabor Body Advance En Polvo";"Marcas > Suplementos Importados > Body Advance, Suplementos > Proteínas";"";"";"";"";"";"";"71,716.00";"68,130.00";"0.90";"0.00";"0.00";"0.00";"47";"BODY0 PROTE 100% PURE WHEY 1KG";"";"SI";"NO";"Proteína pura: Cada porción de 35g te proporciona 27g de proteína de alta calidad.<br />
Sin aditivos: Este producto es 100% puro, sin saborizantes, edulcorantes ni colorantes.<br />
Versatilidad total: Gracias a su sabor neutro, es el complemento ideal para cualquier receta. Úsalo en batidos, smoothies, café, postres o incluso en tus preparaciones saladas, sin alterar el sabor original de tus comidas.<br />
Gran cantidad de proteína: Viene en un envase de 1 kg, brindándote numerosas porciones para mantener tus necesidades proteicas cubiertas.<br />
Apoya la síntesis proteica: La Whey Protein es conocida por su alta biodisponibilidad, ayudando a que tu cuerpo absorba y utilice las proteínas de manera más efectiva.<br />
Rendimiento superior: Aumenta tu fuerza y resistencia con un suplemento que se adapta a cualquier etapa de tu entrenamiento, desde la recuperación hasta el desarrollo muscular.<br />
¡No te pierdas la oportunidad de mejorar tu nutrición con nuestro 100% Whey Protein Lacprodan de Arla!";"proteina, tamano-1kg";"";"";"Body Advance";"SI";"";"";"";"37,850.00"
"iso-vegetal-pea-protein-proteina-de-arveja-910g-body-advance-sabor-neutro";"Iso Vegetal Pea Protein Proteína De Arveja 910g Body Advance Sabor Neutro";"Marcas > Suplementos Importados > Body Advance, Suplementos > Proteínas";"";"";"";"";"";"";"38,955.00";"37,007.00";"0.90";"0.00";"0.00";"0.00";"56";"BODY0 PROTE ISO VEGETAL 910G";"";"SI";"NO";"Una nutrición balanceada juega un papel fundamental en la calidad de vida. Con el ritmo acelerado que llevan muchas personas, a veces resulta complejo prestar atención a todos los requerimientos que el cuerpo necesita para estar sano y fuerte. En ese sentido, los suplementos cumplen la función de complementar la alimentación y ayudan a obtener las vitaminas, minerales, proteínas y otros componentes indispensables para el correcto funcionamiento del organismo.<br />
<br />
*Este producto es un suplemento dietario, no es un medicamento. Suplementa dietas insuficientes. Consulte a su médico y/o farmacéutico.";"proteina-vegetal";"";"";"Body Advance";"SI";"";"";"";"20,559.00"
"vegetal-protein-isolate-2lbs-100-b12-gold-nutrition-vegan-sabor-neutro1";"Vegetal Protein Isolate 2lbs 100% B12 Gold Nutrition Vegan Sabor Neutro";"Marcas > Suplementos Importados > Gold Nutrition, Suplementos > Proteínas";"";"";"";"";"";"";"36,014.00";"34,213.00";"0.90";"0.00";"0.00";"0.00";"219";"GOLDNU0 PROTE VEGAN NEUTRO";"";"SI";"NO";"<h2>Beneficios Principales</h2>
<ul>
<li><strong>Aporta proteínas 100% vegetales</strong>, ideales para favorecer el crecimiento y la recuperación muscular sin ingredientes de origen animal.</li>
<li><strong>Enriquecido con vitamina B12</strong>, esencial para quienes siguen una alimentación vegana y buscan cubrir sus necesidades nutricionales.</li>
<li><strong>Versatilidad de uso</strong>: Su <em>sabor neutro</em> permite incorporarlo fácilmente en batidos, recetas dulces o saladas, sin alterar el sabor original de tus preparaciones.</li>
<li><strong>Ayuda a mantener y desarrollar masa muscular magra</strong>, apoyando una vida activa y saludable.</li>
</ul>

<h2>Ingredientes Clave</h2>
<ul>
<li>Aislado de proteína vegetal de alta pureza</li>
<li>Vitamina B12</li>
<li>Sin lactosa, sin gluten, libre de colorantes y conservantes artificiales</li>
</ul>

<h2>Modo de Uso</h2>
<p>Mezclar una porción (aproximadamente 30g) con 250 ml de agua, leche vegetal o tu bebida favorita. Consumir una o dos veces al día, preferentemente después del entrenamiento o entre comidas.</p>

<h2>Características Especiales</h2>
<ul>
<li><strong>Apto para veganos y vegetarianos</strong></li>
<li><em>Fácil disolución</em> en líquidos, sin grumos</li>
<li>Bajo en grasas y carbohidratos, ideal para quienes buscan controlar su ingesta calórica</li>
<li>Producto sin saborizantes, perfecto para personalizar a tu gusto</li>
</ul>

<h2>Perfil Nutricional (por porción de 30g)</h2>
<ul>
<li>Calorías: 120</li>
<li><strong>Proteínas: 24g</strong></li>
<li>Carbohidratos: 2g</li>
<li>Grasas totales: 1g</li>
<li>Vitamina B12: 100% del valor diario recomendado</li>
</ul>

<h2>Sabor y Presentación</h2>
<ul>
<li><strong>Sabor:</strong> Neutro (sin sabor agregado)</li>
<li><strong>Presentación:</strong> Bolsa de 2 lbs (aproximadamente 900g), rinde unas 30 porciones</li>
</ul>

<h2>Advertencias y Precauciones</h2>
<ul>
<li>No exceder la dosis diaria recomendada</li>
<li>Mantener fuera del alcance de los niños</li>
<li>Consultar con un médico antes de usar si está embarazada, en periodo de lactancia o si padece alguna condición médica preexistente</li>
<li>Almacenar en lugar fresco y seco, alejado de la luz solar directa</li>
</ul>

<p><strong>Vegetal Protein Isolate 2lbs 100% B12 Gold Nutrition Vegan Sabor Neutro</strong> es la opción ideal para quienes buscan una proteína vegana de alta calidad, sin comprometer sabor ni valores nutricionales. ¡Incorporala a tu rutina diaria y disfrutá de sus beneficios!</p>";"Proteina, Proteina Gold, Proteina Gold Nutrition, Proteina Vegetal, Proteina Vegetal Gold Nutrition, Proteina Vegetal Isolada, Proteina Vegetal Isolada Gold, Proteina Vegetal Isolada Gold Nutrition, proteina-vegetal, tamano-907g";"Proteína Vegetal Isolate 2lbs B12 Vegan Neutra Gold Nutrition";"Disfrutá proteína vegetal aislada con B12 ideal para veganos, sin sabor, sin gluten ni lactosa. Sumala a tus recetas y potenciá tu nutrición. ¡Probala hoy!";"Gold Nutrition";"SI";"";"";"";"20,735.00"
"protein-fit-by-floppy-tesouro-proteina-con-colageno-y-te-verde";"Protein + Fit By Floppy Tesouro - Proteina Con Colágeno Y Te Verde";"Marcas > Suplementos Importados > Woman, Suplementos > Proteínas, Suplementos > Vitaminas y Salud";"";"";"";"";"";"";"44,728.00";"42,491.00";"0.91";"0.00";"0.00";"0.00";"50";"WOMAN0 PROTEIN+ FIT 2LB VAINI";"";"SI";"NO";"Protein + Fit by Floppy Tesouro es una innovadora proteína en polvo diseñada exclusivamente para mujeres que buscan mejorar su rendimiento físico y bienestar general. Con un sabor delicioso a vainilla, esta fórmula especial combina proteínas de alta calidad con colágeno y extracto de té verde, lo que la convierte en una opción ideal para quienes desean apoyar su salud muscular y mantener una piel radiante.<br />
<br />
Cada paquete contiene 907.1847 g de producto, ofreciendo aproximadamente 30 porciones perfectas para integrarse en tu rutina diaria. Esta proteína es apta para mayores de 18 años y es adecuada para aquellas que buscan un suplemento nutricional que potencie su entrenamiento y contribuya a su salud. <br />
<br />
Aunque no es vegana y contiene lactosa, Protein + Fit es ideal para quienes desean un refuerzo nutricional en su dieta. No olvides que su composición única apoya tanto el bienestar físico como el cuidado de la piel, permitiéndote lucir y sentirte bien en cada etapa de tu vida. Prueba Protein + Fit y lleva tu salud y entrenamiento al siguiente nivel.";"proteina, Proteina Woman, Proteina Woman Supplements, Proteina+ Fit, Proteina+ Fit Floppy Tesouro, Proteina+ Fit Floppy Tesouro Woman Supplements";"Proteína + Fit Floppy Tesouro con Colágeno y Té Verde Vainilla";"Mejorá tu salud muscular y piel con Proteína + Fit Floppy Tesouro. Fórmula con colágeno y té verde, ideal para mujeres activas. ¡Sumala a tu rutina!";"Woman Supplements";"SI";"";"";"";"25,752.00"
"proteina-prostar-100-whey-2-lb-ultimate-nutrition";"Proteína Prostar 100% Whey 2 Lb - Ultimate Nutrition";"Marcas > Suplementos Importados > Ultimate Nutrition, Suplementos > Proteínas";"Sabor";"Chocolate";"";"";"";"";"74,925.00";"71,178.00";"0.91";"0.00";"0.00";"0.00";"0";"ULTI0 PROSTAR WHEY 2LB CHOCO";"";"SI";"NO";"<h2>Proteína Prostar 100% Whey 2 Lb - Ultimate Nutrition</h2>
<p>Descubrí la <strong>Proteína Prostar 100% Whey 2 Lb de Ultimate Nutrition</strong>, la opción ideal para quienes buscan potenciar el crecimiento muscular y optimizar la recuperación después del entrenamiento. Disponible en <em>deliciosos sabores</em>: Chocolate, Vainilla, Mango y Strawberry, para que disfrutes cada batido a tu manera.</p>

<h3>Beneficios Principales</h3>
<ul>
<li><strong>Estimula el desarrollo de masa muscular magra</strong></li>
<li><strong>Favorece una recuperación muscular más rápida</strong></li>
<li><strong>Aporta proteínas de alta biodisponibilidad</strong></li>
<li><strong>Contribuye al mantenimiento y desarrollo de músculos fuertes</strong></li>
</ul>

<h3>Ingredientes Clave</h3>
<ul>
<li><em>Proteína de suero de leche 100% pura</em> (Whey Protein)</li>
<li><em>Bajo en grasas y carbohidratos</em></li>
<li>Sin azúcares añadidos</li>
</ul>

<h3>Modo de Uso</h3>
<p>Mezclá una porción (aprox. 30g) con 200-250 ml de agua, leche descremada o tu bebida favorita. Consumí una o dos veces al día, preferentemente después del entrenamiento o entre comidas, según tus necesidades proteicas.</p>

<h3>Características Especiales</h3>
<ul>
<li><strong>Fácil disolución:</strong> No deja grumos, ideal para batidos suaves.</li>
<li><strong>Versatilidad:</strong> Perfecta para incorporar en smoothies, recetas fitness o simplemente con agua.</li>
<li><strong>Opciones de sabor:</strong> Elegí entre Chocolate, Vainilla, Mango o Strawberry.</li>
</ul>

<h3>Perfil Nutricional (por porción de 30g)</h3>
<ul>
<li><strong>Proteínas:</strong> 25g</li>
<li><strong>Carbohidratos:</strong> 2g</li>
<li><strong>Grasas:</strong> 1g</li>
<li><strong>Calorías:</strong> 120</li>
</ul>

<h3>Presentación</h3>
<ul>
<li><strong>Contenido:</strong> 2 Lb (908g)</li>
<li><strong>Rinde:</strong> Aproximadamente 30 porciones</li>
</ul>

<h3>Advertencias y Precauciones</h3>
<ul>
<li>No exceder la dosis recomendada.</li>
<li>Consultá a tu médico antes de consumir si estás embarazada, en período de lactancia o bajo tratamiento médico.</li>
<li>Mantener fuera del alcance de los niños.</li>
<li>Almacená en un lugar fresco y seco, protegido de la luz solar directa.</li>
</ul>

<p><strong>Elegí Prostar 100% Whey de Ultimate Nutrition y marcá la diferencia en tu rendimiento deportivo y bienestar diario.</strong></p>";"Protein Whey, proteina, Proteina Prostar, Proteina Prostar 100% Whey Ultimate Nutrition, Proteina ProStar Ultimate Nutrition, Proteina Ultimate Nutrition, sabor-chocolate, tamano-907g, Whey Protein, Whey Protein Ultimate Nutrition";"Proteína Prostar 100% Whey 2Lb Ultimate Nutrition para Músculos";"Mejora tu rendimiento con Proteína Prostar 100% Whey 2Lb. Suplementa tu dieta, fortalece tus músculos y recuperate más rápido. ¡Probala hoy mismo!";"Ultimate Nutrition";"SI";"";"";"";"43,138.00"
"proteina-prostar-100-whey-2-lb-ultimate-nutrition";"";"";"Sabor";"Vainilla";"";"";"";"";"74,925.00";"71,178.00";"0.91";"0.00";"0.00";"0.00";"0";"ULTI0 PROSTAR WHEY 2LB VAINI";"7798451602180";"";"";"";"proteina, sabor-vainilla, tamano-907g";"";"";"";"";"";"";"";"43,138.00"
"proteina-prostar-100-whey-2-lb-ultimate-nutrition";"";"";"Sabor";"Mango";"";"";"";"";"74,925.00";"71,178.00";"0.91";"0.00";"0.00";"0.00";"0";"ULTI0 PROSTAR WHEY 2LB MANGO";"";"";"";"";"proteina, sabor-naranja-mango, tamano-907g";"";"";"";"";"";"";"";"43,138.00"
"proteina-prostar-100-whey-2-lb-ultimate-nutrition";"";"";"Sabor";"Strawberry";"";"";"";"";"74,925.00";"71,178.00";"0.91";"0.00";"0.00";"0.00";"0";"ULTI0 PROSTAR WHEY 2LB VAINI";"";"";"";"";"proteina, sabor-frutilla, tamano-907g";"";"";"";"";"";"";"";"43,138.00"
"vegetal-protein-isolate-2lbs-100-b12-gold-nutrition-vegan-sabor-manzana";"Vegetal Protein Isolate 2lbs 100% B12 Gold Nutrition Vegan Sabor Manzana";"Marcas > Suplementos Importados > Gold Nutrition, Suplementos > Proteínas";"";"";"";"";"";"";"36,014.00";"34,213.00";"0.91";"0.00";"0.00";"0.00";"0";"GOLDNU0 PROTE VEGAN MANZANA";"";"SI";"NO";"<p><strong>Beneficios Principales:</strong></p>
<ul>
<li><strong>Aporte nutricional completo:</strong> Este aislado de prote&iacute;na vegetal es ideal para quienes buscan complementar su dieta con una fuente de prote&iacute;na 100% vegetal.</li>
<li><strong>Fomenta la recuperaci&oacute;n muscular:</strong> Ayuda en la recuperaci&oacute;n y el crecimiento muscular, especialmente despu&eacute;s de entrenamientos intensos.</li>
<li><strong>Soporte vitam&iacute;nico:</strong> Enriquecido con vitamina B12, esencial para veganos y vegetarianos, promoviendo la salud general y el bienestar.</li>
</ul>
<p><strong>Ingredientes Clave:</strong></p>
<ul>
<li><strong>Prote&iacute;na Vegetal Aislada:</strong> Fuente pura y completa de amino&aacute;cidos esenciales.</li>
<li><strong>Vitamina B12:</strong> Fundamental para la producci&oacute;n de energ&iacute;a y el funcionamiento &oacute;ptimo del sistema nervioso.</li>
</ul>
<p><strong>Modo de Uso:</strong></p>
<p>Mezclar una porci&oacute;n (aproximadamente 30g) con 250 ml de agua o bebida favorita. Consumir una o dos veces al d&iacute;a, preferentemente despu&eacute;s del entrenamiento o entre comidas.</p>
<p><strong>Caracter&iacute;sticas Especiales:</strong></p>
<ul>
<li><strong>Sabor Manzana:</strong> Disfruta de un delicioso sabor natural a manzana en cada porci&oacute;n.</li>
<li><strong>F&aacute;cil disoluci&oacute;n:</strong> Se integra perfectamente en l&iacute;quidos, asegurando una textura suave y agradable.</li>
<li><strong>Apto para veganos:</strong> Este producto es 100% vegano, adecuado para aquellos con dietas basadas en plantas.</li>
</ul>
<p><strong>Perfil Nutricional (por porci&oacute;n de 30g):</strong></p>
<ul>
<li><strong>Calor&iacute;as:</strong> 120</li>
<li><strong>Prote&iacute;nas:</strong> 24g</li>
<li><strong>Carbohidratos:</strong> 3g</li>
<li><strong>Grasas:</strong> 1g</li>
<li><strong>Vitamina B12:</strong> 2.4 mcg</li>
</ul>
<p><strong>Advertencias y Precauciones:</strong></p>
<ul>
<li>No exceder la dosis recomendada.</li>
<li>Consultar a un m&eacute;dico si est&aacute; embarazada, en periodo de lactancia o tiene alguna condici&oacute;n m&eacute;dica.</li>
<li>Mantener fuera del alcance de los ni&ntilde;os.</li>
<li>Almacenar en un lugar fresco y seco, alejado de la luz solar directa.</li>
</ul>";"Gold, Gold Nutrition, Proteina, Proteina Isolada, proteina-vegetal, tamano-907g, Vegetal, Vegetal Protein Isolate, Vegetal Protein Isolate Gold Nutrition, Vegetal Proteina, Vegetal Proteina Isolada, Vegetal Proteina Isolate";"Proteína Vegetal Isolate 2lbs Gold Nutrition Vegan Sabor Manzana";"Disfrutá Proteína Vegetal Isolate 2lbs con B12, sabor manzana, ideal para veganos, fácil de disolver y perfecta para tu recuperación muscular. ¡Probala hoy!";"Gold Nutrition";"SI";"";"";"";"20,735.00"
"suplemento-ena-sport-whey-protein-isoprot-907g-en-polvo";"Suplemento Ena Sport Whey Protein Isoprot 907g En Polvo";"Marcas > Suplementos Nacionales Deportivos > Ena, Suplementos > Proteínas";"Sabor";"Chocolate";"";"";"";"";"125,773.00";"119,484.00";"0.91";"0.00";"0.00";"0.00";"2";"ENA0 ISOPROT 2LB CHOCO";"";"SI";"NO";"ISOPROT 100% ISOLATE - Proteína aislada <br />
<br />
Más proteínas, menos carbohidratos y menos calorías.<br />
Proteína de rápida asimilación que contribuye al crecimiento y la recuperación muscular.<br />
Alta concentración de aminoácidos ramificados (BCAA) que fomentan el desarrollo muscular y elevan la energía utilizada durante el entrenamiento, contribuyendo a una mayor reducción de grasa corporal.<br />
<br />
- Presentación:<br />
2 Libras (907 gramos). Sabor vainilla caramel o chocolate mousse.<br />
<br />
- Modo de uso:<br />
Mezclar una cucharada con 200 cm3 de leche o agua.";"Ena Proteina, Protein Isoprot 907g Ena, Proteina Ena, Proteina Isoprot, Proteina Isoprot 907G Ena, Proteina Isoprot 907G Ena Sport, proteina-isolate, sabor-chocolate";"Proteína Isoprot 907g: Rápida Asimilación y BCAA";"Descubre Isoprot 907g, proteína aislada con BCAA. Acelera crecimiento muscular y reduce grasa. ¡Prueba sabores vainilla caramel o chocolate mousse!";"Ena";"SI";"";"";"";"72,414.00"
"suplemento-ena-sport-whey-protein-isoprot-907g-en-polvo";"";"";"Sabor";"Vainilla";"";"";"";"";"125,773.00";"119,484.00";"0.91";"0.00";"0.00";"0.00";"0";"ENA0 ISOPROT 2LB VAINI";"";"";"";"";"proteina-isolate, sabor-vainilla";"";"";"";"";"";"";"";"72,414.00"
"ena-protein-nutricion-activa-caja-12-sobres-25g-c-u-sabor-chocolate";"Ena Protein Nutrición Activa Caja 12 Sobres 25g C/u Sabor Chocolate";"Marcas > Suplementos Nacionales Deportivos > Ena, Suplementos > Proteínas";"";"";"";"";"";"";"45,278.00";"43,014.00";"0.30";"0.00";"0.00";"0.00";"0";"ENA0 CAJA PROTE CHOCO X12U";"";"SI";"NO";"Una nutrición balanceada juega un papel fundamental en la calidad de vida. Con el ritmo acelerado que llevan muchas personas, a veces resulta complejo prestar atención a todos los requerimientos que el cuerpo necesita para estar sano y fuerte. En ese sentido, los suplementos cumplen la función de complementar la alimentación y ayudan a obtener las vitaminas, minerales, proteínas y otros componentes indispensables para el correcto funcionamiento del organismo.<br />
<br />
Fuente rápida de energía<br />
La principal función de las proteínas es contribuir con la regeneración muscular. Es por esto que los suplementos proteicos suelen ser utilizados en ciertas circunstancias, por ejemplo ante el aumento de la intensidad del ejercicio, la recuperación luego de una lesión o para complementar la alimentación de personas veganas y vegetarianas. Algunos de los beneficios son: su consumo fácil, su bajo contenido en azúcares y grasas y la posible reducción del apetito.<br />
<br />
*Este producto es un suplemento dietario, no es un medicamento. Suplementa dietas insuficientes. Consulte a su médico y/o farmacéutico.";"ena, Ena Proteina, Ena Sport, proteina, Proteina Chocolate, Proteina Ena, Proteina Gel, Proteina Sabor Chocolate, Proteina Sobre, Proteina Sobres";"Proteína Ena Nutrición Activa Chocolate, 12 Sobres de 25g";"Optimiza tu nutrición con Ena Protein Nutrición Activa. Fuente rápida de energía y regeneración muscular. ¡Prueba el delicioso sabor chocolate hoy!";"Ena";"SI";"";"";"";"26,069.00"
"100-whey-protein-gold-nutrition-sabor-gourmet-vainilla-x5lb";"100% Whey Protein Gold Nutrition Sabor Gourmet Vainilla X5lb";"Marcas > Suplementos Importados > Gold Nutrition, Suplementos > Proteínas";"";"";"";"";"";"";"190,734.00";"181,197.00";"2.27";"0.00";"0.00";"0.00";"16";"GOLDNU0 PROTE WHEY VAINI 5LB";"";"SI";"NO";"La actividad física pone al cuerpo en situación de stress y tensión aumentando progresivamente cuanto más largo y duro sea el ejercicio.<br />
Entonces, la recuperación se vuelve más crítica y la proteína es esencial para devolverle al cuerpo los nutrientes perdidos durante la actividad física.<br />
<br />
El consumo de proteínas después de una dura sesión de ejercicios no sólo aumentará las tasas de síntesis de las mismas, sino que te ayudará a recuperarte más rápido por lo que estarás listo para dominar tu próximo entreno!<br />
<br />
100% Whey Protein está diseñada para cualquier persona que quiera complementar sus objetivos nutricionales y físicos.<br />
<br />
Gold Nutrition garantiza el mejor concentrado disponible que podrá encontrar en el mercado. 100% WHEY PROTEIN puede considerarse como el máximo standard en calidad y pureza demostrado por laboratorios.<br />
<br />
Además al tomarla, se disfruta como cualquier batido frutal gracias a sus saborizantes naturales únicos.<br />
<br />
*Este producto es un suplemento dietario, no es un medicamento. Suplementa dietas insuficientes. Consulte a su médico y/o farmacéutico.";"Gold, Gold Nutrition, Protein Whey, proteina, Proteina de Vainilla, tamano-2-27kg, Whey Protein, Whey Protein Vainilla";"Proteína Whey Vainilla 100% Gold Nutrition 5lb";"Descubrí la Proteína Whey Vainilla 100% Gold Nutrition: máxima pureza y sabor gourmet. Recuperate rápido y dominá tus entrenos. ¡Probala ahora!";"Gold Nutrition";"SI";"";"";"";"109,816.00"
"whey-protein-100-5lbs-gold-nutrition-proteina-chocolate";"Whey Protein 100% 5lbs Gold Nutrition Proteína Chocolate";"Marcas > Suplementos Importados > Gold Nutrition, Suplementos > Proteínas";"";"";"";"";"";"";"190,734.00";"181,197.00";"2.27";"0.00";"0.00";"0.00";"1";"GOLDNU0 PROTE WHEY CHOCO 5LB";"";"SI";"NO";"Eleva tu rendimiento deportivo y nutrición con Whey Protein 100% 5lbs Gold Nutrition, el aliado perfecto para atletas y entusiastas del fitness que buscan una fuente de proteína de alta calidad. Este suplemento de proteína de suero de leche en sabor chocolate te proporciona 28g de proteínas por porción, ayudando a la recuperación muscular y al crecimiento de masa magra.<br />
<br />
Cada porción de 35g contiene un perfil completo de aminoácidos esenciales, incluyendo 1200 mg de alanina, 500 mg de arginina y 2600 mg de leucina, que son cruciales para la síntesis proteica y la reparación de tejidos. Además, con 1750 mg de creatina por porción, este suplemento potencia tu energía y rendimiento durante los entrenamientos intensos.<br />
<br />
La línea Golden Line de Gold Nutrition asegura un producto de alta calidad, con ingredientes cuidadosamente seleccionados. Aunque contiene lactosa y no es apto para veganos o personas con intolerancia al gluten, es la elección ideal para aquellos que buscan un suplemento confiable y efectivo para complementar una dieta equilibrada y un estilo de vida activo.<br />
<br />
Con un valor energético de 135 kcal por porción y solo 5.7 g de carbohidratos, Whey Protein 100% 5lbs Gold Nutrition es también una excelente opción para quienes buscan mantener su peso o están en fase de definición muscular. Su práctico formato en polvo y su envase de bolsa facilitan su uso y transporte, convirtiéndolo en un complemento ideal para tu rutina diaria de entrenamiento y nutrición.";"Gold Nutrition, proteina, Proteina Chocolate, Proteina Whey, tamano-2-27kg, Whey Protein Chocolate";"Whey Protein 100% Gold Nutrition Chocolate 5lbs - Potencia Deportiva";"Mejora tu rendimiento con Whey Protein 100% Gold Nutrition. Con 28g de proteína y 1750 mg de creatina por porción, es ideal para atletas y entusiastas del fitness.";"Gold Nutrition";"SI";"";"";"";"109,816.00"
"suplemento-en-polvo-atlhetica-nutrition-proteinas-900g";"Suplemento En Polvo Atlhetica Nutrition Proteínas 900g";"Marcas > Suplementos Importados > Atlhetica Nutrition, Suplementos > Proteínas";"Sabor";"ATLHE0 BEST WHEY 900G BRIGA";"";"";"";"";"72,859.00";"69,216.00";"0.90";"0.00";"0.00";"0.00";"0";"ATLHE0 BEST WHEY 900G BRIGA";"";"NO";"NO";"<h2>Suplemento En Polvo Atlhetica Nutrition Proteínas Sabor Doble Chocolate X 900g</h2>
<h3><strong>Beneficios Principales</strong></h3>
<ul>
<li><strong>Estimula el crecimiento muscular</strong> gracias a su alto contenido de proteínas de calidad.</li>
<li>Favorece la <strong>recuperación muscular</strong> después de entrenamientos intensos.</li>
<li>Contribuye al desarrollo de la <strong>fuerza y potencia muscular</strong>.</li>
<li>Ideal para quienes buscan <strong>mantener o aumentar la masa muscular</strong> de manera saludable.</li>
</ul>
<h3><strong>Ingredientes Clave</strong></h3>
<ul>
<li><strong>Proteína de suero de leche (Whey Protein):</strong> Fuente de aminoácidos esenciales para la síntesis muscular.</li>
<li><em>Cacao en polvo</em> y saborizantes naturales, brindando un delicioso sabor a doble chocolate.</li>
<li>Vitaminas y minerales añadidos para potenciar el bienestar general.</li>
</ul>
<h3><strong>Modo de Uso</strong></h3>
<ol>
<li>Mezclar 2 scoops (aprox. 30g) con 250-300ml de agua o leche descremada.</li>
<li>Consumir preferentemente después del entrenamiento o como colación entre comidas.</li>
<li>Ajustar la cantidad según requerimientos nutricionales individuales.</li>
</ol>
<h3><strong>Características Especiales</strong></h3>
<ul>
<li><strong>Alto contenido proteico:</strong> Cada porción aporta proteínas de excelente calidad.</li>
<li><em>Gran sabor doble chocolate</em>, pensado para los amantes del chocolate.</li>
<li><strong>Bajo contenido de grasas</strong> y azúcares añadidos.</li>
<li>Práctico envase de <strong>900g</strong>, ideal para el uso diario.</li>
</ul>
<h3><strong>Perfil Nutricional (por porción de 30g)</strong></h3>
<ul>
<li>Calorías: 120 Kcal</li>
<li>Proteínas: 23g</li>
<li>Carbohidratos: 4g</li>
<li>Grasas totales: 1,5g</li>
</ul>
<h3><strong>Sabor y Presentación</strong></h3>
<ul>
<li>Sabor: <strong>Doble Chocolate</strong>.</li>
<li>Presentación: Pote de 900g con cierre hermético para mantener la frescura.</li>
</ul>
<h3><strong>Advertencias y Precauciones</strong></h3>
<ul>
<li>No exceder la dosis diaria recomendada.</li>
<li>Consultar a un profesional de la salud antes de consumir si está embarazada, en período de lactancia, o presenta alguna condición médica.</li>
<li>Mantener fuera del alcance de los niños.</li>
<li>Almacenar en un lugar fresco y seco, alejado de la luz solar directa.</li>
</ul>
<p><strong>¡Aprovechá el poder de las proteínas y disfrutá un sabor irresistible mientras cuidás tu cuerpo!</strong></p>";"Atlhetica Nutrition, chocolate, proteina, Suplemento, Suplemento En Polvo, tamano-900g";"Suplemento Proteico Atlhetica Doble Chocolate 900g - Alto Valor";"Potenciá tu desarrollo muscular con Atlhetica Nutrition Proteínas Doble Chocolate 900g. Alto contenido proteico, bajo en grasas y sabor irresistible. ¡Probalo!";"Atlhetica Nutrition";"SI";"";"";"";"41,949.00"
"suplemento-en-polvo-atlhetica-nutrition-proteinas-900g";"";"";"Sabor";"ATLHE0 BEST WHEY 900G DB CHOCO";"";"";"";"";"72,859.00";"69,216.00";"0.90";"0.00";"0.00";"0.00";"0";"ATLHE0 BEST WHEY 900G DB CHOCO";"";"";"";"";"proteina, sabor-chocolate, tamano-900g";"";"";"";"";"";"";"";"41,949.00"
"suplemento-en-polvo-atlhetica-nutrition-proteinas-900g";"";"";"Sabor";"ATLHE0 BEST WHEY 900G DDL";"";"";"";"";"72,859.00";"69,216.00";"0.90";"0.00";"0.00";"0.00";"0";"ATLHE0 BEST WHEY 900G DDL";"";"";"";"";"proteina, sabor-dulce-de-leche, tamano-900g";"";"";"";"";"";"";"";"41,949.00"
"suplemento-en-polvo-atlhetica-nutrition-proteinas-900g";"";"";"Sabor";"ATLHE0 BEST WHEY 900G FRUTI";"";"";"";"";"72,859.00";"69,216.00";"0.90";"0.00";"0.00";"0.00";"0";"ATLHE0 BEST WHEY 900G FRUTI";"";"";"";"";"proteina, tamano-900g";"";"";"";"";"";"";"";"41,949.00"
"suplemento-en-polvo-atlhetica-nutrition-proteinas-900g";"";"";"Sabor";"ATLHE0 BEST WHEY 900G VAINI";"";"";"";"";"72,859.00";"69,216.00";"0.90";"0.00";"0.00";"0.00";"0";"ATLHE0 BEST WHEY 900G VAINI";"";"";"";"";"proteina, tamano-900g";"";"";"";"";"";"";"";"41,949.00"
"proteina-whey-flavour-100-protein-900gr-atlhetica-nutrition";"Proteina Whey Flavour 100% Protein 900gr Atlhetica Nutrition";"Marcas > Suplementos Importados > Atlhetica Nutrition, Suplementos > Proteínas";"Sabor";"Chocolate";"";"";"";"";"55,712.00";"52,926.00";"0.90";"0.00";"0.00";"0.00";"0";"ATLHE0 100 WHEY 900G CHOCO";"";"NO";"NO";"La Proteína Whey Flavour 100% Protein de Atlhetica Nutrition es la opción ideal para quienes buscan potenciar sus resultados deportivos. Con un formato en polvo fácil de mezclar, este suplemento se destaca por su alta calidad y eficacia, ideal para mejorar la recuperación muscular después del ejercicio. Diseñado específicamente para personas mayores de 18 años, es perfecto para quienes se desafían continuamente en su entrenamiento.<br />
<br />
Este producto no solo se enfoca en proporcionar una rica fuente de proteínas, sino que también ofrece un delicioso sabor que hará que cada batido sea un placer. Al contener lactosa, es importante tenerlo en cuenta para quienes son intolerantes. Ideal para quienes buscan desarrollar masa muscular o mantener un estilo de vida activo y saludable.<br />
<br />
La presentación en bolsa facilita su almacenamiento y uso, permitiendo a los consumidores llevar su suplemento donde quiera que vayan. El enfoque de Atlhetica Nutrition hacia la calidad y la nutrición se refleja en cada porción, asegurando que obtengas el soporte que necesitas para tus objetivos fitness. Añade este suplemento a tu rutina diaria y experimenta la diferencia en tu rendimiento y bienestar.";"proteina, Proteina Chocolate, Proteina Whey, Proteina Whey Flavour, sabor-chocolate, tamano-900g, Whey, Whey Flavour";"Proteína Whey 100% Atlhetica Nutrition 900g - Recuperación Muscula";"Potenciá tu entrenamiento con Proteína Whey 100% de Atlhetica Nutrition 900g. Delicioso sabor, fácil de mezclar y alta calidad para mejorar tu recuperación. ¡Probala hoy!";"Atlhetica Nutrition";"SI";"";"";"";"32,076.00"
"proteina-whey-flavour-100-protein-900gr-atlhetica-nutrition";"";"";"Sabor";"Frutilla";"";"";"";"";"55,712.00";"52,926.00";"0.90";"0.00";"0.00";"0.00";"0";"ATLHE0 100 WHEY 900G MORANGO";"";"";"";"";"proteina, sabor-frutilla, tamano-900g";"";"";"";"";"";"";"";"32,076.00"
"proteina-whey-flavour-100-protein-900gr-atlhetica-nutrition";"";"";"Sabor";"Vainilla";"";"";"";"";"55,712.00";"52,926.00";"0.90";"0.00";"0.00";"0.00";"0";"ATLHE0 100 WHEY 900G VAINI";"";"";"";"";"proteina, sabor-vainilla, tamano-900g";"";"";"";"";"";"";"";"32,076.00"
"whey-tech-100-blend-protein-900-g-atlhetica-nutrition-sabor-vainilla";"Whey Tech 100% Blend Protein 900 G Atlhetica Nutrition Sabor Vainilla";"Marcas > Suplementos Importados > Atlhetica Nutrition, Suplementos > Proteínas";"";"";"";"";"";"";"70,020.00";"66,519.00";"0.90";"0.00";"0.00";"0.00";"0";"ATLHE0 TECH 900G VAINI";"7899621105316";"NO";"NO";"La nutrición equilibrada desempeña un papel muy importante en la calidad de vida. Con el ritmo acelerado de muchas personas, a veces es muy difícil prestar atención a todos los requisitos que el cuerpo necesita para estar sano y fuerte. En este sentido, los suplementos cumplen la función de complementar la dieta y ayudan a obtener las vitaminas, minerales, proteínas y otros componentes esenciales para el buen funcionamiento del organismo. <br />
 <br />
 *Este producto es un suplemento dietético, no un medicamento. Suplemento para dietas insuficientes. Consulte a su médico y/o farmacéutico.";"Atlhetica Nutrition, proteina, Proteina 900G, Proteina de Vainilla, tamano-900g, Whey Tech";"Proteína Whey Tech Vainilla 900g - Atlhetica Nutrition";"Descubre Whey Tech Vainilla: proteína 100% pura para potenciar tu nutrición. Ideal para dietas insuficientes. ¡Añádelo ya a tu rutina diaria!";"Atlhetica Nutrition";"SI";"";"";"";"40,314.00"
"whey-tech-athletic-900-g-concentrado-de-suero-y-sabor-a-chocolate-aislado";"Whey Tech Athletic 900 G - Concentrado De Suero Y Sabor A Chocolate Aislado";"Marcas > Suplementos Importados > Atlhetica Nutrition, Suplementos > Proteínas";"";"";"";"";"";"";"70,020.00";"66,519.00";"0.90";"0.00";"0.00";"0.00";"0";"ATLHE0 TECH 900G CHOCO";"7899621105316";"NO";"NO";"La nutrición equilibrada desempeña un papel muy importante en la calidad de vida. Con el ritmo acelerado de muchas personas, a veces es muy difícil prestar atención a todos los requisitos que el cuerpo necesita para estar sano y fuerte. En este sentido, los suplementos cumplen la función de complementar la dieta y ayudan a obtener las vitaminas, minerales, proteínas y otros componentes esenciales para el buen funcionamiento del organismo. <br />
 <br />
 *Este producto es un suplemento dietético, no un medicamento. Suplemento para dietas insuficientes. Consulte a su médico y/o farmacéutico.";"Atlhetica Nutrition, chocolate, Concentrado, proteina, Proteina 900G, Proteina Chocolate, Proteina de Chocolate, Proteina Suero, Suero, tamano-900g, Whey Tech";"Whey Tech Athletic 900g Proteína Suero Chocolate Concentrado";"Disfrutá Whey Tech Athletic 900g: proteína de suero concentrado sabor chocolate. Ideal para complementar tu dieta y fortalecer tu cuerpo. ¡Probalo ahora!";"Atlhetica Nutrition";"SI";"";"";"";"40,314.00"
"bsn-edge-proteinas-syntha-6-suplemento-sabor-chocolate-milkshake-de-1-12kg";"Bsn Edge Proteínas Syntha-6 Suplemento Sabor Chocolate Milkshake De 1.12kg";"Marcas > Suplementos Importados > BSN, Suplementos > Proteínas";"";"";"";"";"";"";"138,806.00";"131,865.00";"1.06";"0.00";"0.00";"0.00";"0";"BSN0 SYNTHA EDGE 2.47LB CHOCO";"834266004430";"SI";"NO";"Syntha 6 Edge 2 Lb Gr Bsn Proteína Whey Protein es una fórmula premium de proteínas que combina múltiples fuentes de proteínas para mejorar la recuperación muscular y el desarrollo. Con una mezcla de proteínas de digestión rápida y lenta, es ideal para consumir en cualquier momento del día para asegurar que tus músculos obtengan los aminoácidos necesarios para el crecimiento y la reparación.<br />
<br />
Este producto ofrece una textura y sabor excepcionales, diseñados para satisfacer a los atletas y personas activas que buscan una proteína de alta calidad como parte de su nutrición y régimen de entrenamiento. Además, contiene una mezcla de enzimas digestivas para mejorar la absorción y utilización de proteínas.<br />
<br />
Para aquellos interesados en mantener su dieta equilibrada, Syntha 6 Edge es una excelente elección, ya que proporciona proteínas de calidad sin un exceso de carbohidratos o grasas. Disponible en una variedad de sabores deliciosos, este suplemento es una opción conveniente y deliciosa para complementar tus necesidades de proteínas diarias.";"Bsn, Bsn Edge, BSN EDGE SYNTHA, proteina, Suplemento En Polvo, tamano-2kg";"Proteína Syntha-6 Edge Chocolate Milkshake 1.06kg BSN Premium";"Disfrutá Syntha-6 Edge: proteína whey premium BSN con sabor chocolate, ideal para recuperación muscular. Probá su excelente textura. ¡Sumala a tu rutina!";"Bsn";"SI";"";"";"";"79,918.00"
"suplemento-en-polvo-bsn-edge-proteinas-sabor-vainilla-milkshake-x-1-06kg";"Suplemento En Polvo Bsn Edge Proteínas Sabor Vainilla Milkshake X 1.06kg";"Marcas > Suplementos Importados > BSN, Suplementos > Proteínas";"";"";"";"";"";"";"138,806.00";"131,865.00";"1.06";"0.00";"0.00";"0.00";"0";"BSN0 SYNTHA EDGE 2.35LB VAINI";"834266004454";"SI";"NO";"Mejora tu rendimiento deportivo y nutrición con el Suplemento en polvo BSN Edge Syntha-6, una proteína de alta calidad y delicioso sabor vainilla milkshake. Este producto de la reconocida marca BSN, perteneciente a la línea Edge, te brinda 24g de proteína por porción, ideal para complementar tus entrenamientos y apoyar el crecimiento muscular. Su formato en polvo facilita su preparación y consumo, y viene en un práctico pote de 1.06 kg para que lo disfrutes por más tiempo. Además, contiene ingredientes como aceite de girasol, sólidos de maíz, caseinato de sodio y lecitina de soja, que aportan nutrientes esenciales para tu organismo. A pesar de contener lactosa y algunos componentes alérgenos como derivados de soja, leche y maní, este suplemento es perfecto para aquellos que buscan mejorar su nutrición y rendimiento deportivo de manera efectiva y deliciosa. ¡No esperes más y añade BSN Edge Syntha-6 a tu rutina diaria!";"Bsn Edge, BSN EDGE SYNTHA, proteina, Suplemento En Polvo, syntha, Vainilla";"Proteína BSN Edge 1.06kg Vainilla - Mejor Rendimiento";"Descubre BSN Edge Syntha-6: 24g de proteína por porción, sabor vainilla, ideal para tu rendimiento deportivo. ¡Mejora tus entrenamientos hoy!";"Bsn";"SI";"";"";"";"79,918.00"
"isopure-whey-protein-isolate-zero-carbs-proteina-sin-azucar-sabor-unflavored-sin-sabor";"Isopure Whey Protein Isolate Zero Carbs Proteína Sin Azúcar Sabor Unflavored / Sin Sabor";"Marcas > Suplementos Importados > Isopure, Suplementos > Proteínas";"";"";"";"";"";"";"76,084.21";"72,280.00";"0.45";"0.00";"0.00";"0.00";"0";"ISOPURE0 ZERO CARB 1LB";"0089094022990";"SI";"NO";"ISOPURE® Whey Protein Isolate Sin Sabor.<br />
<br />
Cada medida contiene 25 gramos de puro aislado de proteína de suero al 100%, libre de grasas, carbohidratos, rellenos, azúcares y lactosa.<br />
<br />
Sin colores, sabores ni edulcorantes añadidos. Ideal para cocinar y mezclar con tus bebidas favoritas (calientes o frías), sopas, salsas y recetas de repostería.<br />
<br />
Beneficios:<br />
<br />
Apoya la construcción y recuperación muscular.<br />
Satisface los requerimientos diarios de proteínas.<br />
Contribuye al control de peso.<br />
<br />
¿CUÁNDO CONSUMIR?<br />
<br />
Después del entrenamiento.<br />
Por la mañana, como primera ingesta.<br />
Entre comidas.<br />
O cuando lo creas más conveniente.<br />
<br />
¿CÓMO CONSUMIR?<br />
<br />
Mezclá 1 medida con 180 ml de agua, leche o tu bebida favorita en un shaker o licuadora. ¡Experimenta la calidad sin igual de ISOPURE®!";"isolate, isopure, proteina-isolate, sin azucar, sin sabor, sin-azucar, whey protein, zero carbs";"Whey Protein Isolate Isopure Sin Sabor Zero Carbs Sin Azúcar";"Isopure Whey Protein Isolate sin sabor: 25g de proteína pura, cero carbohidratos y sin azúcar. Ideal para cocinar o batidos. ¡Probá la pureza hoy!";"Isopure";"SI";"";"";"";"43,806.00"
"proteina-isopure-vegana-de-origen-vegetal-plant-based-521g-sabor-sin-sabor";"Proteína Isopure Vegana De Origen Vegetal Plant Based 521g Sabor Sin Sabor";"Marcas > Suplementos Importados > Isopure, Suplementos > Proteínas";"";"";"";"";"";"";"70,573.68";"67,045.00";"0.52";"0.00";"0.00";"0.00";"0";"ISOPURE0 PLANT BASED 1.15LB";"";"SI";"NO";"Contenido:<br />
<br />
.- 1.15 Lb (521g)<br />
.- 20 servicios de 26g cada uno<br />
.- Proteina 100% a base de vegetales<br />
.- VEGANA<br />
.-20g de Proteina Vegana por servicio<br />
.- Zero Azúcar<br />
.- SIN sabores ni colores artificiales<br />
.- 2g de Carbohidratos<br />
.- SIN SABOR<br />
<br />
Descripción<br />
<br />
20 g de proteína vegetal por porción<br />
Zero Sugar<br />
Sin colorantes, saborizantes ni endulzantes artificiales.<br />
Vegan: producto vegano.<br />
Contiene otros saborizantes naturales.<br />
Con 20 g de proteína proveniente de los guisantes y el arroz integral<br />
Perfil de aminoácidos completo<br />
Proteína sin OGM<br />
Dairy & Gluten Free: producto sin lácteos ni gluten.<br />
Sin ingredientes derivados de la soya.<br />
Hornee, cocine y mezcle con proteína de origen vegetal sin sabor<br />
Pureza de la proteína de origen vegetal<br />
<br />
La proteína en polvo de origen vegetal ISOPURE® es una fuente ideal de proteína vegana, sin gluten y sin OGM. proteínas sin lácteos. Cada porción aporta 20 g de proteína de arroz integral y guisantes orgánicos sin colorantes, saborizantes ni endulzantes artificiales. Al combinar estas fuentes de proteínas, podemos producir un perfil completo de aminoácidos esenciales que su cuerpo no puede producir por sí solo. No solo eso, sino que cada porción tiene cero colesterol, solo 1,5 g de grasa y 0 g de azúcar ?. Es la proteína en polvo de origen vegetal ideal para combinar una nutrición de calidad y un sabor excepcional sin agregar lácteos ni soya a su dieta.<br />
<br />
¿Por qué usarlo? Para favorecer el desarrollo y la recuperación muscular. Para ayudarlo a alcanzar sus objetivos diarios de ingesta de proteínas.<br />
<br />
No es un alimento con bajo contenido de calorías.<br />
<br />
Uso Sugerido<br />
Mezcle 26 g (aproximadamente 1 cucharada medidora) con 10 a 12 oz. Líq. De su bebida con sabor favorita o mézclela en un batido, batido o sus recetas favoritas de cocina u horneado.<br />
<br />
Cuándo usarlo: A primera hora de la mañana, antes o después del ejercicio, en cualquier momento.<br />
<br />
los adultos sanos deben consumir suficiente proteína para satisfacer sus necesidades diarias por medio de una combinación de alimentos ricos en proteínas y suplementos proteicos consumidos a lo largo del día y como parte de una alimentación equilibrada y un programa de ejercicio.<br />
<br />
Otros Ingredientes<br />
Proteína de guisante orgánico, proteína de arroz integral orgánico, goma xantana, goma guar.<br />
<br />
Advertencias<br />
Aviso: Use este producto solo como suplemento alimentario. No use este producto para bajar de peso.<br />
<br />
Almacene en un lugar fresco y seco.<br />
<br />
Este producto se vende por peso, no por volumen. Se producirá un asentamiento.<br />
<br />
ESTE PRODUCTO NO ES UN MEDICAMENTO<br />
SU USO ES RESPONSABILIDAD DE QUIEN LO CONSUME Y RECOMIENDA.";"20g, 521g, based, capsulas veganas, isopure, plant, proteina, proteina-vegetal, sin sabor";"Proteína Isopure Vegana Plant Based 521g Sin Sabor, 20g por porción";"Disfrutá la Proteína Isopure Vegana Plant Based 521g: sin sabor, sin azúcar, ni gluten. 20g de proteína vegetal por porción. ¡Sumala a tu nutrición diaria!";"Isopure";"SI";"";"";"";"40,633.00"
"suplemento-my-protein-beauty-coco-colageno-60-capsulas";"Suplemento My Protein Beauty Coco + Colágeno 60 Cápsulas";"Marcas > Suplementos Importados > My Protein, Suplementos > Proteínas, Suplementos > Vitaminas y Salud";"Sabor";"Coco";"";"";"";"";"13,896.84";"13,202.00";"0.06";"0.00";"0.00";"0.00";"0";"MYP0 COCO COLAG 60U";"";"SI";"NO";"Porción: 2 Cápsulas al día.<br />
<br />
Transforma tu rutina de belleza con My Protein Beauty Coco + Colágeno, un suplemento diseñado para potenciar tu bienestar desde adentro hacia afuera. Cada cápsula contiene colágeno de alta calidad, un componente esencial para mantener la elasticidad y firmeza de la piel, así como para fortalecer el cabello y las uñas. <br />
<br />
Este producto, parte de la línea My Vitamins, es ideal para adultos a partir de 18 años que buscan mejorar su salud estética de manera efectiva. Su formato en cápsulas facilita la incorporación en tu día a día, permitiéndote disfrutar de sus beneficios sin complicaciones.<br />
<br />
El colágeno, conocido por sus propiedades rejuvenecedoras, se combina con el delicioso sabor a coco, brindando una experiencia placentera al consumirlo. Con un peso de porción de 2 g (2 cápsulas al día), este suplemento nutricional se convierte en un aliado perfecto para quienes desean cuidar su apariencia y bienestar general.<br />
<br />
Incorpora My Protein Beauty Coco + Colágeno en tu rutina diaria y observa cómo tu piel, cabello y uñas se transforman. No dejes pasar la oportunidad de lucir radiante y saludable con este suplemento que combina calidad y efectividad en cada cápsula.";"aceite de coco, adultos, belleza, cabello, capsulas, colageno, fortalece, my protein, natural whey, piel, proteina, sabor-coco, unas";"Suplemento Coco y Colágeno My Protein - Belleza Natural";"Transforma tu belleza con My Protein Coco + Colágeno. Fortalece piel, cabello y uñas. Ideal para adultos. ¡Incorpóralo hoy y luce radiante!";"My Protein";"SI";"";"";"";"8,001.00"
"my-protein-clear-whey-protein-peach-500g";"My Protein Clear Whey Protein Peach 500g";"Marcas > Suplementos Importados > My Protein, Suplementos > Proteínas";"Sabor";"Fresa Kiwi";"";"";"";"";"86,929.47";"82,583.00";"0.49";"0.00";"0.00";"0.00";"6";"MYP0 CLEAR WHEY ISO FRESA KIWI";"";"SI";"NO";"My Protein Clear Whey Protein Peach Tea es la opción ideal para quienes buscan un suplemento nutricional de alta calidad que se adapte a un estilo de vida activo. Este producto, formulado con Clear Whey Isolate, ofrece una proteína pura y ligera, perfecta para la recuperación muscular después del ejercicio. Su delicioso sabor a té de melocotón transforma cada batido en una experiencia refrescante y agradable.<br />
<br />
Diseñado para adultos a partir de 18 años, este suplemento en polvo es fácil de mezclar y se integra perfectamente en tu rutina diaria. Ya sea que lo disfrutes en un batido post-entrenamiento o como un snack saludable, su fórmula te ayudará a alcanzar tus objetivos de fitness sin sacrificar el sabor. <br />
<br />
La presentación en pote asegura que tengas suficiente producto para acompañarte en tu camino hacia una mejor salud y rendimiento. Con My Protein Clear Whey Protein, no solo estás eligiendo un suplemento, sino también una forma de potenciar tu bienestar y disfrutar de cada sorbo.";"bienestar, clear, ligera, my protein, proteina, recuperacion muscular, refrescante, rutina, suplemento deportivo, tamano-500g, whey protein";"Proteína Whey Clear Sabor Melocotón - Recuperación Muscular";"Disfruta de My Protein Clear Whey Peach Tea, proteína ligera y refrescante, ideal para la recuperación muscular. ¡Integra sabor y bienestar en tu rutina!";"My Protein";"SI";"";"";"";"50,050.00"
"my-protein-clear-whey-protein-peach-500g";"";"";"Sabor";"Naranja Mango";"";"";"";"";"86,929.47";"82,583.00";"0.49";"0.00";"0.00";"0.00";"0";"MYP0 CLEAR WHEY ISO NAR MANGO";"";"";"";"";"proteina, sabor-naranja-mango, tamano-500g";"";"";"";"";"";"";"";"50,050.00"
"my-protein-clear-whey-protein-peach-500g";"";"";"Sabor";"Peach Tea";"";"";"";"";"86,929.47";"82,583.00";"0.49";"0.00";"0.00";"0.00";"17";"MYP0 CLEAR WHEY ISO PEACH TEA";"";"";"";"";"proteina, sabor-durazno, tamano-500g";"";"";"";"";"";"";"";"50,050.00"
"my-protein-pre-entreno-sabor-naranja-mango-en-pote-de-465g";"My Protein Pre-Entreno Sabor Naranja Mango en Pote de 465g";"Marcas > Suplementos Importados > My Protein, Suplementos > Proteínas, Suplementos > Pre-entrenos";"Sabor";"Naranja Mango Passionfruit";"";"";"";"";"69,517.89";"66,042.00";"0.47";"0.00";"0.00";"0.00";"0";"MYP0 PREWORK NAR MANGO";"";"SI";"NO";"Potencia tu rendimiento con My Protein PreEntreno Pre-Workout en sabor Naranja Mango Passionfruit. Este suplemento en polvo está diseñado para proporcionar un impulso energético antes de tus entrenamientos, ayudándote a alcanzar tus objetivos de fitness de manera más efectiva. Con una porción de 15,5 g, su fórmula está optimizada para ofrecerte la energía y concentración necesarias para maximizar cada sesión de ejercicio.<br />
<br />
Ideal para adultos a partir de 18 años, este pre-entreno es perfecto para quienes buscan mejorar su rendimiento deportivo. Su mezcla de ingredientes de alta calidad te ayudará a sentirte más activo y motivado, permitiéndote superar tus límites. Además, su delicioso sabor a Naranja Mango Passionfruit hará que cada toma sea una experiencia agradable.<br />
<br />
El envase en pote asegura que puedas disfrutar de este suplemento de manera práctica y conveniente. Incorpora My Protein PreEntreno a tu rutina diaria y experimenta la diferencia en tu energía y enfoque durante el entrenamiento. No dejes que la fatiga te detenga, elige un aliado que te impulse hacia el éxito.";"465g, energia, enfoque, entrenamiento, naranja mango, pre entreno, pre workout, proteina, sabor-naranja-mango, suplemento deportivo";"Pre-Entreno My Protein Naranja Mango 465g";"Potencia tu entrenamiento con My Protein Pre-Entreno Naranja Mango. Energía y enfoque en cada sesión. ¡Prueba el sabor y supera tus límites hoy!";"My Protein";"SI";"";"";"";"40,025.00"
"proteina-my-protein-impact-whey-protein-en-doypack-de-1-kg";"Proteína My Protein Impact Whey Protein en Doypack de 1 Kg";"Marcas > Suplementos Importados > My Protein, Suplementos > Proteínas";"Sabor";"Chocolate";"";"";"";"";"88,334.74";"83,918.00";"1.00";"0.00";"0.00";"0.00";"0";"MYP0 IMPACT WHEY 1KG CHOCO";"";"SI";"NO";"<p>La Prote&iacute;na My Protein Impact Whey Protein Sabor Vainilla, Chocolate o Neutro 1 Kg es la elecci&oacute;n ideal para quienes buscan potenciar su rendimiento f&iacute;sico y alcanzar sus objetivos de fitness. Este suplemento en polvo, de la reconocida marca My Protein, ofrece una fuente de prote&iacute;na de alta calidad que contribuye al crecimiento y mantenimiento de la masa muscular. Su delicioso sabor a vainilla lo convierte en una opci&oacute;n agradable para disfrutar en batidos, smoothies o incluso en recetas saludables.<br /><br />Cada porci&oacute;n de 30 g proporciona una dosis efectiva de prote&iacute;na, ideal para complementar tu dieta diaria. Dise&ntilde;ada para adultos a partir de 18 a&ntilde;os, esta prote&iacute;na contiene lactosa, lo que la hace adecuada para quienes no tienen intolerancia a este componente. Su formato en sachet facilita su almacenamiento y uso, permitiendo llevarla contigo a cualquier lugar.<br /><br />Incorporar My Protein Impact Whey Protein en tu rutina diaria puede ayudarte a mejorar tu recuperaci&oacute;n post-entrenamiento y a mantener un estilo de vida activo. Ya sea que est&eacute;s buscando aumentar tu masa muscular, perder peso o simplemente mantenerte en forma, este suplemento es una herramienta valiosa en tu arsenal nutricional. Experimenta la calidad y el sabor que solo My Protein puede ofrecerte.</p>";"1kg, batidos, calidad, chocolate, impact, my protein, neutro, proteina, rendimiento, rendimiento fisico, sabor-chocolate, suplemento deportivo, tamano-1kg, vainilla, varios sabores, whey protein";"Proteína My Protein Impact Whey 1 Kg - Rendimiento y Sabor";"Descubre la proteína My Protein Impact Whey: 1 Kg de sabor y calidad para potenciar tu rendimiento físico. ¡Perfecta para batidos y recetas! Compra ahora.";"My Protein";"SI";"";"";"";"50,859.00"
"proteina-my-protein-impact-whey-protein-en-doypack-de-1-kg";"";"";"Sabor";"Neutro";"";"";"";"";"88,334.74";"83,918.00";"1.00";"0.00";"0.00";"0.00";"10";"MYP0 IMPACT WHEY 1KG NEUTRO";"";"";"";"";"proteina, sabor-neutro, tamano-1kg";"";"";"";"";"";"";"";"50,859.00"
"proteina-my-protein-impact-whey-protein-en-doypack-de-1-kg";"";"";"Sabor";"Vainilla";"";"";"";"";"88,334.74";"83,918.00";"1.00";"0.00";"0.00";"0.00";"0";"MYP0 IMPACT WHEY 1KG VAINI";"";"";"";"";"proteina, sabor-vainilla, tamano-1kg";"";"";"";"";"";"";"";"50,859.00"
"proteina-my-protein-impact-whey-isolada-en-doypack-1-kg";"Proteína My Protein Impact Whey Isolada en Doypack 1 Kg";"Marcas > Suplementos Importados > My Protein, Suplementos > Proteínas";"Sabor";"Chocolate";"";"";"";"";"137,362.11";"130,494.00";"1.00";"0.00";"0.00";"0.00";"0";"MYP0 IMPACT ISO 1KG CHOCO";"";"SI";"NO";"La Proteína My Protein Impact Whey Isolada Sabor Chocolate es la opción ideal para quienes buscan maximizar su rendimiento físico y alcanzar sus objetivos nutricionales. Con un contenido de 19 gramos de proteína por porción de 25 gramos, este suplemento en polvo es perfecto para complementar tu dieta diaria y apoyar la recuperación muscular después del ejercicio.<br />
<br />
Su fórmula aislada garantiza una rápida absorción, lo que la convierte en una excelente elección para deportistas y entusiastas del fitness. Con solo 1.7 gramos de azúcar y 92 calorías por porción, puedes disfrutar de un delicioso sabor a chocolate sin comprometer tu ingesta calórica.<br />
<br />
Este producto no es vegano y contiene lactosa, por lo que es recomendable para adultos a partir de 18 años que busquen una fuente de proteína de alta calidad. Presentado en una práctica bolsa, es fácil de almacenar y utilizar, lo que lo convierte en un aliado perfecto para tu rutina diaria de entrenamiento y nutrición.";"chocolate, colapinto, impact, importado, isolada, my protein, proteina, sabor-chocolate, suplemento deportivo, tamano-1kg, vainilla";"Proteína Whey Isolada Chocolate 1kg - Absorción Rápida";"Maximiza tu rendimiento con Proteína Whey Isolada de Chocolate. 19g de proteína por porción, rápida absorción y bajo en azúcar. Ideal para deportistas.";"Optimum";"SI";"";"";"";"79,087.00"
"proteina-my-protein-impact-whey-isolada-en-doypack-1-kg";"";"";"Sabor";"Vainilla";"";"";"";"";"137,362.11";"130,494.00";"1.00";"0.00";"0.00";"0.00";"0";"MYP0 IMPACT ISO 1KG VAINI";"";"";"";"";"proteina, sabor-vainilla, tamano-1kg";"";"";"";"";"";"";"";"79,087.00"
"suplemento-nutrilab-whey-protein-en-pote-de-1kg";"Suplemento Nutrilab Whey Protein en Pote de 1kg";"Marcas > Suplementos Nacionales Deportivos > Nutrilab, Suplementos > Proteínas";"Sabor";"Chocolate Avellana";"";"";"";"";"24,142.00";"22,934.00";"1.00";"0.00";"0.00";"0.00";"0";"NUTRILAB0 WHEY PRO 1KG CHOCO AVELLANA";"";"SI";"NO";"<h2>Suplemento Nutrilab Whey Protein 1kg</h2>
<p>Descubre el&nbsp;<strong>Suplemento Nutrilab Whey Protein 1kg</strong>, la elecci&oacute;n ideal para quienes buscan&nbsp;<em>aumentar masa muscular</em>, optimizar la&nbsp;<em>recuperaci&oacute;n post-entrenamiento</em>&nbsp;y mejorar su&nbsp;<em>rendimiento f&iacute;sico</em>. Elaborado con prote&iacute;na de suero de alta calidad, este suplemento combina un perfil nutricional balanceado y una amplia variedad de sabores para que disfrutes cada batido.</p>
<h3>Beneficios Principales</h3>
<ul>
<li><strong>Aporta prote&iacute;nas de alto valor biol&oacute;gico</strong>: Favorece la s&iacute;ntesis muscular, ayuda en la reparaci&oacute;n y el crecimiento de los m&uacute;sculos.</li>
<li><strong>Mejora la recuperaci&oacute;n</strong>: Reduce el dolor muscular y acelera el proceso de recuperaci&oacute;n despu&eacute;s del ejercicio intenso.</li>
<li><strong>Apoya el desarrollo de masa muscular magra</strong>: Ideal para complementar tu entrenamiento y alcanzar tus objetivos m&aacute;s r&aacute;pido.</li>
</ul>
<h3>Ingredientes Clave</h3>
<ul>
<li><em>Prote&iacute;na de suero de leche concentrada y aislada</em>: Excelente fuente de amino&aacute;cidos esenciales y r&aacute;pida absorci&oacute;n.</li>
<li><em>Bajo contenido de az&uacute;cares y grasas</em>: Te ayuda a mantener una dieta equilibrada.</li>
</ul>
<h3>Sabores Disponibles</h3>
<p>Disfrut&aacute; de tus entrenamientos con nuestros deliciosos sabores: - Chocolate - Chocolate Blanco - Dulce de Leche - Chocolate Peanut - Chocolate Avellana - Cookies &amp; Cream - Vainilla - Frutilla</p>
<h3>&iquest;C&oacute;mo Usarlo?</h3>
<p>Mezcl&aacute;&nbsp;<strong>30g</strong>&nbsp;(una medida) con&nbsp;<strong>200-250 ml</strong>&nbsp;de agua o leche descremada. Consum&iacute; una o dos veces al d&iacute;a, preferentemente despu&eacute;s del entrenamiento o entre comidas.</p>
<h3>Caracter&iacute;sticas Especiales</h3>
<ul>
<li><strong>F&aacute;cil disoluci&oacute;n</strong>: No deja grumos, ideal para batidos y recetas saludables.</li>
<li><strong>Formato pr&aacute;ctico</strong>: Envase de 1 kg, rinde aproximadamente 33 porciones.</li>
<li><strong>Libre de gluten</strong>: Apto para personas con celiaqu&iacute;a (Sin TACC).</li>
</ul>
<h3>Perfil Nutricional (por porci&oacute;n de 30g)</h3>
<ul>
<li>Calor&iacute;as: 127 kcal</li>
<li>Prote&iacute;nas: 25g</li>
<li>Carbohidratos: 2,6g</li>
<li>Grasas: 1,8g</li>
</ul>
<h3>Advertencias y Precauciones</h3>
<ul>
<li>No exceder la dosis recomendada.</li>
<li>Consult&aacute; a un profesional de la salud antes de comenzar cualquier suplementaci&oacute;n, especialmente si est&aacute;s embarazada, en per&iacute;odo de lactancia o ten&eacute;s una condici&oacute;n m&eacute;dica.</li>
<li>Mantener fuera del alcance de los ni&ntilde;os.</li>
<li>Almacenar en lugar fresco y seco, protegido de la luz solar.</li>
</ul>
<p><strong>Eleg&iacute; Nutrilab y potenci&aacute; tus entrenamientos con el mejor sabor y la m&aacute;s alta calidad en prote&iacute;na de suero.</strong></p>";"chocolate, dulce de leche, nutrilab, proteina, rendimiento, sabor-chocolate, suplemento deportivo, tamano-1kg, whey protein";"Nutrilab Whey Protein Chocolate Blanco 1kg - Pro Rendimiento";"Potencia tu rendimiento con Nutrilab Whey Protein Chocolate Blanco. Delicioso sabor, 1kg de proteína de alta calidad. Incorpóralo y mejora tu energía. ¡Compra ahora!";"Nutrilab";"SI";"";"";"";"13,899.00"
"suplemento-nutrilab-whey-protein-en-pote-de-1kg";"";"";"Sabor";"Chocolate blanco";"";"";"";"";"24,142.00";"22,934.00";"1.00";"0.00";"0.00";"0.00";"19";"NUTRILAB0 WHEY PRO 1KG COOK";"0727373037609";"";"";"";"proteina, sabor-chocolate, tamano-1kg";"";"";"";"";"";"";"";"13,899.00"
"suplemento-nutrilab-whey-protein-en-pote-de-1kg";"";"";"Sabor";"Dulce De Leche";"";"";"";"";"24,142.00";"22,934.00";"1.00";"0.00";"0.00";"0.00";"0";"NUTRILAB0 WHEY PRO 1KG CHOCO BLANCO";"";"";"";"";"proteina, sabor-dulce-de-leche, tamano-1kg";"";"";"";"";"";"";"";"13,899.00"
"suplemento-nutrilab-whey-protein-en-pote-de-1kg";"";"";"Sabor";"Chocolate Peanut";"";"";"";"";"24,142.00";"22,934.00";"1.00";"0.00";"0.00";"0.00";"0";"NUTRILAB0 WHEY PRO 1KG CHOCO PEANUT";"";"";"";"";"proteina, sabor-chocolate, tamano-1kg";"";"";"";"";"";"";"";"13,899.00"
"suplemento-nutrilab-whey-protein-en-pote-de-1kg";"";"";"Sabor";"Chocolate";"";"";"";"";"24,142.00";"22,934.00";"1.00";"0.00";"0.00";"0.00";"226";"NUTRILAB0 WHEY PRO 1KG CHOCO";"";"";"";"";"proteina, sabor-chocolate, tamano-1kg";"";"";"";"";"";"";"";"13,899.00"
"suplemento-nutrilab-whey-protein-en-pote-de-1kg";"";"";"Sabor";"Cookies & Cream";"";"";"";"";"24,142.00";"22,934.00";"1.00";"0.00";"0.00";"0.00";"0";"NUTRILAB0 WHEY PRO 1KG COOK";"";"";"";"";"proteina, sabor-cookies-cream, tamano-1kg";"";"";"";"";"";"";"";"13,899.00"
"suplemento-nutrilab-whey-protein-en-pote-de-1kg";"";"";"Sabor";"Vainilla";"";"";"";"";"24,142.00";"22,934.00";"1.00";"0.00";"0.00";"0.00";"213";"NUTRILAB0 WHEY PRO 1KG VAINI";"";"";"";"";"proteina, sabor-vainilla, tamano-1kg";"";"";"";"";"";"";"";"13,899.00"
"suplemento-nutrilab-whey-protein-en-pote-de-1kg";"";"";"Sabor";"Frutilla";"";"";"";"";"24,142.00";"22,934.00";"1.00";"0.00";"0.00";"0.00";"45";"NUTRILAB0 WHEY PRO 1KG FRUTI";"";"";"";"";"proteina, sabor-frutilla, tamano-1kg";"";"";"";"";"";"";"";"13,899.00"
"star-nutrition-platinum-whey-protein-x3-kg-sachet-en-polvo";"Proteina Platinum Whey Protein 3kg Star Nutrition";"Marcas > Suplementos Nacionales Deportivos > Star Nutrition, Suplementos > Proteínas";"Sabor";"Banana";"";"";"";"";"194,767.00";"185,028.00";"3.00";"0.00";"0.00";"0.00";"0";"STARNU0 VERDE 3KG BANA";"";"SI";"NO";"PLATINUM WHEY PROTEIN<br />
Suplemento dietario en polvo para preparar bebida a base de proteínas de suero.<br />
<br />
3 KG | 100 SERV. | 25GR DE PROTEÍNA X SERV.<br />
<br />
Modo de uso<br />
Mezclar 1 medida de Platinum Whey Protein en 200cm3 de agua o leche descremada.<br />
Consumir 1 hora antes del entrenamiento, luego del mismo o en cualquier momento del día para complementar la ingesta proteica.<br />
<br />
Descripción<br />
Compuesta por ultra concentrado, aislado e hidrolizado de suero de máxima pureza, obtenidos por métodos que preservan la calidad y estabilidad del producto.<br />
Su sabor y alta solubilidad lo convierten en una opción para agregar proteínas de alto valor biológico a la dieta o como parte de un programa nutricional deportivo.<br />
100% NATURAL GRASS FED PROTEIN<br />
Fuente de aminoácidos esenciales, aminoácidos de cadena ramificada y Glutamina.<br />
<br />
Ingredientes<br />
Ultra Concentrado de Proteína de Suero Lácteo, Aislado de Proteína de Suero Lácteo, Hidrolizado de Proteína de Suero Lácteo, Cacao, Aromatizante: Sabor Chocolate, Edulcorantes: Sucralosa (40mg/100cm3), Acesulfamo de Potasio (30mg/100cm3), Colorante: Caramelo.<br />
*Los sabores chocolate suizo y cookies and cream contienen cacao.<br />
CONTIENE DERIVADOS DE LECHE<br />
<br />
Advertencias<br />
Recomendado para complementar dietas insuficientes, consultar a un médico y/o farmacéutico. No recomendado durante el embarazo o lactancia. Menores de 18 años consumir bajo supervisión de un adulto o profesional. Conservar en lugar fresco y seco, fuera del alcance de los niños. No exponer a temperaturas mayores a 25°C.<br />
INFORMACIÓN ADICIONAL:<br />
Contiene Fenilalanina.";"proteina, sabor-banana, star nutrition, suplemento deportivo, tamano-3kg, varios sabores, whey protein";"Whey Protein 3kg - Star Nutrition";"Descubrí el Platinum Whey Protein de 3kg sabor Cookies & Cream. 25g de proteína por porción para potenciar tu entrenamiento. ¡Probalo ya!";"Star Nutrition";"SI";"";"";"";"112,138.00"
"star-nutrition-platinum-whey-protein-x3-kg-sachet-en-polvo";"";"";"Sabor";"Chocolate";"";"";"";"";"194,767.00";"185,028.00";"3.00";"0.00";"0.00";"0.00";"149";"STARNU0 VERDE 3KG CHOCO";"652811926187";"";"";"";"proteina, sabor-chocolate, tamano-3kg";"";"";"";"";"";"";"";"112,138.00"
"star-nutrition-platinum-whey-protein-x3-kg-sachet-en-polvo";"";"";"Sabor";"Cookies & Cream";"";"";"";"";"194,767.00";"185,028.00";"3.00";"0.00";"0.00";"0.00";"0";"STARNU0 VERDE 3KG COOK";"652811926217";"";"";"";"proteina, sabor-cookies-cream, tamano-3kg";"";"";"";"";"";"";"";"112,138.00"
"star-nutrition-platinum-whey-protein-x3-kg-sachet-en-polvo";"";"";"Sabor";"Frutilla";"";"";"";"";"194,767.00";"185,028.00";"3.00";"0.00";"0.00";"0.00";"0";"STARNU0 VERDE 3KG FRUTI";"";"";"";"";"proteina, sabor-frutilla, tamano-3kg";"";"";"";"";"";"";"";"112,138.00"
"star-nutrition-platinum-whey-protein-x3-kg-sachet-en-polvo";"";"";"Sabor";"Vainilla";"";"";"";"";"194,767.00";"185,028.00";"3.00";"0.00";"0.00";"0.00";"76";"STARNU0 VERDE 3KG VAINI";"";"";"";"";"proteina, sabor-vainilla, tamano-3kg";"";"";"";"";"";"";"";"112,138.00"
"protein-isolate-loaded-whey-sabor-vainilla-4-lb-animal";"Protein Isolate Loaded Whey Sabor Vainilla 4 Lb- Animal";"Marcas > Suplementos Importados > Animal, Marcas > Suplementos Importados > Universal, Suplementos > Proteínas";"";"";"";"";"";"";"124,147.00";"117,939.00";"2.00";"0.00";"0.00";"0.00";"0";"UNIV0 ANIMAL LOADED WHEY 4LB VAINI";"";"SI";"NO";"<p><strong>Beneficios Principales:</strong></p>
<ul>
<li><strong>Aumento de masa muscular magra:</strong> <em>Protein Isolate Loaded Whey</em> te ayuda a desarrollar y mantener músculos fuertes gracias a su alta concentración de proteínas.</li>
<li><strong>Recuperación eficaz:</strong> La proteína de suero de leche acelera la recuperación post-entrenamiento, reduciendo el tiempo de descanso necesario entre sesiones.</li>
<li><strong>Alta biodisponibilidad:</strong> Su fórmula avanzada permite una rápida absorción y asimilación de nutrientes, optimizando el rendimiento físico.</li>
</ul>
<p><strong>Ingredientes Clave:</strong></p>
<ul>
<li><strong>Proteína de Suero Aislada:</strong> Alta pureza y calidad para un aporte proteico eficiente.</li>
<li><strong>Aminoácidos Esenciales:</strong> Incluye BCAAs que favorecen el crecimiento y la recuperación muscular.</li>
</ul>
<p><strong>Modo de Uso:</strong></p>
<ul>
<li>Mezclar una porción (30g) con 250 ml de agua o leche descremada.</li>
<li>Consumir una o dos veces al día, preferiblemente después del entrenamiento o entre comidas.</li>
</ul>
<p><strong>Características Especiales:</strong></p>
<ul>
<li><strong>Sabor Vainilla:</strong> Delicioso y suave sabor que hace que cada batido sea un placer.</li>
<li><strong>Bajo en grasas y carbohidratos:</strong> Ideal para quienes buscan controlar su ingesta calórica sin sacrificar el sabor ni la calidad.</li>
</ul>
<p><strong>Perfil Nutricional (por porción de 30g):</strong></p>
<ul>
<li><strong>Calorías:</strong> 120</li>
<li><strong>Proteínas:</strong> 25g</li>
<li><strong>Carbohidratos:</strong> 2g</li>
<li><strong>Grasas:</strong> 1g</li>
</ul>
<p><strong>Presentación:</strong></p>
<ul>
<li><em>Envase de 4 lb</em>, suficiente para 60 porciones, perfecto para quienes buscan una solución duradera y económica.</li>
</ul>
<p><strong>Advertencias y Precauciones:</strong></p>
<ul>
<li><strong>Consulta médica:</strong> Consulte a un profesional de la salud antes de usar si está embarazada, en período de lactancia o si tiene alguna condición médica preexistente.</li>
<li><strong>Almacenamiento:</strong> Conservar en un lugar fresco y seco, alejado de la luz solar directa para mantener su frescura y calidad.</li>
<li><strong>Alergias:</strong> Contiene derivados de la leche, no apto para personas con intolerancia a la lactosa.</li>
</ul>";"proteina-isolate, tamano-1-82kg";"";"";"Universal Nutrition";"SI";"";"";"";"71,478.00"
"suplemento-en-polvo-nucleo-fit-whey-protein-en-pote-de-1-kg";"Suplemento en Polvo Nucleo Fit Whey Protein en Pote de 1 Kg";"Marcas > Suplementos Nacionales Deportivos > Hoch Sport, Suplementos > Proteínas";"Sabor";"Chocolate";"";"";"";"";"29,083.00";"27,628.00";"1.00";"0.00";"0.00";"0.00";"0";"HOCH0 NF PROTE CHOCO";"";"NO";"NO";"<p>Nucleo Fit Whey Protein 1 Kg Sabor Frutos Rojos, Vainilla o Chocolate es la elecci&oacute;n ideal para quienes buscan potenciar su rendimiento deportivo y mejorar su recuperaci&oacute;n muscular. Este suplemento nutricional en polvo est&aacute; formulado con prote&iacute;na de suero de alta calidad, que proporciona los amino&aacute;cidos esenciales necesarios para el desarrollo y mantenimiento de la masa muscular.<br /><br />Con un delicioso sabor a frutos rojos, cada porci&oacute;n de 40 g ofrece una experiencia de sabor placentera, convirtiendo tu batido post-entrenamiento en un momento de disfrute. Aunque contiene lactosa, su formulaci&oacute;n est&aacute; dise&ntilde;ada para ser f&aacute;cilmente digerible, permitiendo que tu cuerpo absorba los nutrientes de manera eficiente.<br /><br />Nucleo Fit es perfecto para atletas, entusiastas del fitness y cualquier persona que desee incorporar una fuente de prote&iacute;na de alta calidad en su dieta. Su envase pr&aacute;ctico y funcional asegura que puedas llevarlo contigo a cualquier lugar, facilitando su consumo en cualquier momento del d&iacute;a.</p>";"1kg, frutos rojos, nucleo fit, OFERTA RELAMPAGO!, polvo, proteina, sabor-chocolate, suplemento deportivo, tamano-1kg, whey protein";"Whey Protein Frutos Rojos 1 Kg - Rendimiento y Sabor";"Disfruta del Whey Protein Frutos Rojos de Nucleo Fit, ideal para atletas. Mejora tu recuperación muscular con sabor delicioso. ¡Prueba ya!";"Hoch Sport";"SI";"";"";"";"16,744.00"
"suplemento-en-polvo-nucleo-fit-whey-protein-en-pote-de-1-kg";"";"";"Sabor";"Frutos rojos";"";"";"";"";"22,735.00";"20,462.00";"1.00";"0.00";"0.00";"0.00";"0";"HOCH0 NF PROTE FRUT ROJOS";"";"";"";"";"proteina, sabor-frutos-rojos, tamano-1kg";"";"";"";"";"";"";"";"11,900.00"
"suplemento-en-polvo-nucleo-fit-whey-protein-en-pote-de-1-kg";"";"";"Sabor";"Vainilla";"";"";"";"";"29,083.00";"27,628.00";"1.00";"0.00";"0.00";"0.00";"0";"HOCH0 NF PROTE VAINI";"";"";"";"";"proteina, sabor-vainilla, tamano-1kg";"";"";"";"";"";"";"";"16,744.00"
"vegetal-protein-isolate-375-g-nucleo-fit-arvejas-arroz-soja";"Vegetal Protein Isolate 375 G Núcleo Fit Arvejas Arroz Soja";"Marcas > Suplementos Nacionales Deportivos > Hoch Sport, Suplementos > Proteínas";"Sabor";"Chocolate";"";"";"";"";"20,060.00";"18,054.00";"0.38";"0.00";"0.00";"0.00";"0";"HOCH0 NF PROTE ISO VEGE CHOCO 375G";"";"NO";"NO";"Descubre el poder de la nutrición con Vegetal Protein Isolate de Núcleo Fit, un suplemento diseñado para quienes buscan maximizar su rendimiento deportivo. Con una mezcla premium de proteínas de arvejas, arroz y soja, este producto ofrece una fuente completa de aminoácidos esenciales, ideal para la recuperación muscular y el desarrollo de fuerza.<br />
<br />
Presentado en un práctico pote de 375 g, su formato en polvo permite una fácil incorporación a batidos, smoothies o recetas saludables. Este suplemento es perfecto para adultos a partir de 18 años que desean complementar su dieta con proteínas de alta calidad, sin comprometer su estilo de vida saludable.<br />
<br />
La línea Premium Quality de Núcleo Fit garantiza un producto libre de aditivos innecesarios, brindando una opción limpia y efectiva para tus necesidades nutricionales. Aumenta tu energía y mejora tu rendimiento con cada porción, y experimenta la diferencia que una buena proteína puede hacer en tu rutina diaria.";"375, arvejas, nucleo fit, OFERTA RELAMPAGO!, premium, proteina, proteina-vegetal, sabor-chocolate, soja, tamano-375g, vegetal";"Proteína Vegetal Premium Núcleo Fit 375g - Arvejas y Soja";"Maximiza tu rendimiento con Núcleo Fit: proteína vegetal de arvejas, arroz y soja. Ideal para recuperación muscular. ¡Incorpora a tu dieta hoy!";"Hoch Sport";"SI";"";"";"";"10,500.00"
"vegetal-protein-isolate-375-g-nucleo-fit-arvejas-arroz-soja";"";"";"Sabor";"Sin sabor";"";"";"";"";"20,060.00";"18,054.00";"0.38";"0.00";"0.00";"0.00";"0";"HOCH0 NF PROTE ISO VEGE NEUTRO 375G";"";"";"";"";"proteina-vegetal, sabor-neutro, tamano-375g";"";"";"";"";"";"";"";"10,500.00"
"whey-protein-x-1kg-hoch-sport";"Whey Protein X 1kg Hoch Sport";"Marcas > Suplementos Nacionales Deportivos > Hoch Sport, Suplementos > Proteínas";"Sabor";"Mango citric";"";"";"";"";"29,106.00";"27,650.00";"1.00";"0.00";"0.00";"0.00";"0";"HOCH0 PROTE 1KG MANGO";"";"NO";"NO";"Whey Protein X 1kg de Hoch Sport es el aliado perfecto para quienes buscan potenciar su rendimiento deportivo y alcanzar sus objetivos de fitness. Este suplemento en polvo, parte de la línea Professional Series, está diseñado para proporcionar una fuente de proteínas de alta calidad, ideal para la recuperación muscular y el desarrollo de masa magra.<br />
<br />
Con un formato práctico en sachet, Whey Protein es fácil de mezclar y consumir, lo que lo convierte en una opción conveniente para tu rutina diaria. Su fórmula está diseñada para adultos a partir de 18 años, asegurando que cada porción te brinde el soporte necesario para tus entrenamientos intensos.<br />
<br />
Incorpora Whey Protein X en tu dieta y experimenta una mejora en tu energía y resistencia. Este suplemento no solo es ideal para deportistas, sino también para cualquier persona que desee complementar su ingesta proteica de manera efectiva y deliciosa.";"1kg, hoch sport, proteina, rendimiento, sabor-naranja-mango, tamano-1kg, whey protein";"Whey Protein X 1kg Hoch Sport: Potencia tu Rendimiento";"Mejora tu rendimiento con Whey Protein X 1kg de Hoch Sport. Ideal para recuperación y masa magra. ¡Incorpora este suplemento a tu rutina diaria hoy!";"Hoch Sport";"SI";"";"";"";"16,759.00"
"whey-protein-x-1kg-hoch-sport";"";"";"Sabor";"Chocolate";"";"";"";"";"29,106.00";"27,650.00";"1.00";"0.00";"0.00";"0.00";"0";"HOCH0 PROTE 1KG CHOCO";"";"";"";"";"proteina, sabor-chocolate, tamano-1kg";"";"";"";"";"";"";"";"16,758.00"
"whey-protein-x-1kg-hoch-sport";"";"";"Sabor";"Dulce de leche";"";"";"";"";"29,106.00";"27,650.00";"1.00";"0.00";"0.00";"0.00";"0";"HOCH0 PROTE 1KG DDL";"";"";"";"";"proteina, sabor-dulce-de-leche, tamano-1kg";"";"";"";"";"";"";"";"16,758.00"
"whey-protein-x-1kg-hoch-sport";"";"";"Sabor";"Frutos rojos";"";"";"";"";"29,106.00";"27,650.00";"1.00";"0.00";"0.00";"0.00";"0";"HOCH0 PROTE 1KG FRUT ROJOS";"";"";"";"";"proteina, sabor-frutos-rojos, tamano-1kg";"";"";"";"";"";"";"";"16,758.00"
"suplemento-en-polvo-ena-sport-whey-x-pro-proteina-sabor-double-rich-chocolate-en-pote-de-907g1";"Suplemento En Polvo Ena Sport Whey X-pro Proteína En Pote De 907g";"Marcas > Suplementos Nacionales Deportivos > Ena, Suplementos > Proteínas";"Sabor";"Chocolate";"";"";"";"";"97,924.00";"93,027.00";"0.91";"0.00";"0.00";"0.00";"55";"ENA0 WHEY X PRO POTE 907 VAINI";"7792981060052";"SI";"NO";"WHEY X PRO.  <br />
¡TODO EN UNO! MÁS DEFINICIÓN, MÁS ENERGÍA, RÁPIDA RECUPERACIÓN.  <br />
<br />
Whey X Pro Complex Protein aporta una combinación explosiva de proteínas, creatina, glutamina, aminoácidos, vitaminas, minerales y antioxidantes, en una fórmula mejorada. Aporta más sabor y una máxima disolución para lograr mejores resultados y se puede consumir antes o después del entrenamiento. Es la proteína de suero más avanzada del mercado.  <br />
<br />
PRESENTACIÓN:  <br />
2 Lb en polvo. Sabor vainilla o chocolate.  <br />
<br />
MODO DE USO:  <br />
Verter una medida de WHEY X PRO COMPLEX PROTEIN en un vaso batidor. Agregar 200 cm3 de agua o leche (preferentemente descremada). Agitar y consumir.  <br />
Ingesta diaria: consumir todos los días 2 medidas (cada medida aporta 33 gr), 1 medida a media mañana y otra a media tarde; en los días de entrenamiento, consumir una hora antes y media hora después del mismo.";"907g, chocolate, creatina, ena, energia, proteina, recuperacion, sabor-chocolate, whey x pro";"Proteína Whey X-pro Chocolate 907g - Energía y Recuperación";"Obtén más energía y definición con Whey X-pro. Fórmula avanzada con proteínas, creatina y más. Ideal antes y después del entrenamiento. ¡Prueba ahora!";"Ena";"SI";"";"";"";"56,380.00"
"suplemento-en-polvo-ena-sport-whey-x-pro-proteina-sabor-double-rich-chocolate-en-pote-de-907g1";"";"";"Sabor";"Vainilla";"";"";"";"";"97,924.00";"93,027.00";"0.91";"0.00";"0.00";"0.00";"28";"ENA0 WHEY X PRO POTE 907 VAINI";"";"";"";"";"proteina, sabor-vainilla";"";"";"";"";"";"";"";"56,380.00"
"whey-protein-real-whey-neix-reload-1-kg-proteina-concentrada";"Whey Protein Real Whey Neix Reload 1 Kg Proteina Concentrada";"Marcas > Suplementos Nacionales Deportivos > EDN, Suplementos > Proteínas";"Sabor";"Chocolate";"";"";"";"";"13,030.00";"12,378.00";"1.00";"0.00";"0.00";"0.00";"0";"EDN0 NEIX PROTE CHOCO 1KG";"";"NO";"NO";"DESCRIPCION<br />
REAL WHEY PROTEIN 80% DE LA RECONOCIDA MARCA NEIX EN SU VERSIÓN RELOADED V2 EN DOY PACK ECO-PACK X 1 KG.<br />
<br />
Proteìna ìcono por excelencia Neix es ahora Neix Reloaded V2 y presenta Real Whey 80.<br />
-Real Whey 80% es una proteìna de caracter instantàneo ideal para batidos pre y post-entrenamiento.<br />
Una incorrecta obtenciòn de la materia prima resultarìa en una baja calidad del producto final terminado y se verìan comprometidos los valores biològicos.<br />
<br />
Es por esto que desde principio a final NEIX RELOADED se asegura que las materias primas sean las adecuadas, de maxima calidad y correctamente testeadas.<br />
<br />
REAL WHEY es una proteìna focalizada en la màxima calidad de sus ingredientes pero fijàndose en todos los detalles como lo es la solubilidad, tan importante para los batidos ràpidos que el pùblico necesita en cuestiòn de segundos.<br />
<br />
Sabores: Absolute Darkness (chocolate oscuro), Mad Strawberry (Frutilla deliciosa), Vanilla Punch (Vainilla) ** Publicado utilizando Astroselling **";"proteina, sabor-chocolate, tamano-1kg";"";"";"Every Day Nature";"SI";"";"";"";"7,502.00"
"whey-protein-real-whey-neix-reload-1-kg-proteina-concentrada";"";"";"Sabor";"Frutilla";"";"";"";"";"13,030.00";"12,378.00";"1.00";"0.00";"0.00";"0.00";"0";"EDN0 NEIX PROTE FRUTI 1KG";"";"";"";"";"proteina, sabor-frutilla, tamano-1kg";"";"";"";"";"";"";"";"7,502.00"
"whey-protein-real-whey-neix-reload-1-kg-proteina-concentrada";"";"";"Sabor";"Vainilla";"";"";"";"";"13,030.00";"12,378.00";"1.00";"0.00";"0.00";"0.00";"0";"EDN0 NEIX PROTE VAINI 1KG";"";"";"";"";"proteina, sabor-vainilla, tamano-1kg";"";"";"";"";"";"";"";"7,502.00"
"suplemento-en-polvo-hoch-sport-whey-protein-2kg-sachet-polvo";"Suplemento En Polvo Hoch Sport Whey Protein 2kg Sachet Polvo";"Marcas > Suplementos Nacionales Deportivos > Hoch Sport, Suplementos > Proteínas";"Sabor";"Chocolate";"";"";"";"";"50,195.00";"47,685.00";"2.00";"0.00";"0.00";"0.00";"0";"HOCH0 2KG PROTE CHOCO";"";"NO";"NO";"HOCHSPORT es una empresa innovadora de hace más de 15 años, dedicada a la investigación, desarrollo y producción de SUPLEMENTOS DIETARIOS Y ALIMENTOS FUNCIONALES, destinados a satisfacer las tendencias nutricionales de Deportistas de Alto Rendimiento y Gente Activa.<br />
<br />
HOCHSPORT ofrece una amplia gama de productos de EXCELENTE CALIDAD para que cada deportista en diferentes disciplinas, potencie al máximo nivel, su rendimiento.<br />
<br />
HOCHSPORT reconoce las exigencias de los deportistas y se adapta rápidamente a sus necesidades, porque sabe que la nutrición es de igual importancia que el entrenamiento y la recuperación.<br />
__________________________________________________________________<br />
<br />
Una nutrición balanceada juega un papel fundamental en la calidad de vida. Con el ritmo acelerado que llevan muchas personas, a veces resulta complejo prestar atención a todos los requerimientos que el cuerpo necesita para estar sano y fuerte. En ese sentido, los suplementos cumplen la función de complementar la alimentación y ayudan a obtener las vitaminas, minerales, proteínas y otros componentes indispensables para el correcto funcionamiento del organismo.<br />
<br />
Whey Protein Hochsport Proteína es el suplemento ideal para aquellos que buscan maximizar su recuperación y potenciar el crecimiento de su masa muscular. Con su fórmula de alta calidad, este producto de la línea Professional Series de HochSport garantiza resultados efectivos y duraderos.<br />
<br />
Su fórmula ha sido cuidadosamente diseñada para aportar 24g de proteína de alta calidad necesarios para una óptima nutrición deportiva.<br />
<br />
Con un peso neto de 2 kg, y exquisitos sabores únicos, este suplemento, viene en un práctico envase doypack que facilita su almacenamiento y transporte. Además, cuenta con fecha de vencimiento, asegurando su frescura y calidad ** Publicado utilizando Astroselling **";"2kg, en polvo, Hoch Sport, proteina, sabor-chocolate, sachet, suplementos, tamano-2kg, whey protein";"Whey Protein Hoch Sport 2kg: Potencia tu Rendimiento";"Descubre el poder de Whey Protein Hoch Sport: 24g de proteína por porción para mejorar recuperación y crecimiento muscular. ¡Eleva tu rendimiento ahora!";"Hoch Sport";"SI";"";"";"";"28,900.00"
"suplemento-en-polvo-hoch-sport-whey-protein-2kg-sachet-polvo";"";"";"Sabor";"Dulce de leche";"";"";"";"";"50,195.00";"47,685.00";"2.00";"0.00";"0.00";"0.00";"0";"HOCH0 2KG PROTE DDL";"";"";"";"";"proteina, sabor-dulce-de-leche, tamano-2kg";"";"";"";"";"";"";"";"28,900.00"
"suplemento-en-polvo-hoch-sport-whey-protein-2kg-sachet-polvo";"";"";"Sabor";"Frutos rojos";"";"";"";"";"50,195.00";"47,685.00";"2.00";"0.00";"0.00";"0.00";"0";"HOCH0 2KG PROTE FRUTO";"";"";"";"";"proteina, sabor-frutos-rojos, tamano-2kg";"";"";"";"";"";"";"";"28,900.00"
"suplemento-en-polvo-hoch-sport-whey-protein-2kg-sachet-polvo";"";"";"Sabor";"Mango citric";"";"";"";"";"50,195.00";"47,685.00";"2.00";"0.00";"0.00";"0.00";"0";"HOCH0 2KG PROTE MANGO";"";"";"";"";"proteina, sabor-naranja-mango, tamano-2kg";"";"";"";"";"";"";"";"28,900.00"
"suplemento-en-polvo-hoch-sport-whey-protein-2kg-sachet-polvo";"";"";"Sabor";"Vainilla";"";"";"";"";"50,195.00";"47,685.00";"2.00";"0.00";"0.00";"0.00";"0";"HOCH0 2KG PROTE VAINI";"";"";"";"";"proteina, sabor-vainilla, tamano-2kg";"";"";"";"";"";"";"";"28,900.00"
"whey-protein-3-kg-hoch-sport";"Whey Protein 3 Kg Hoch Sport";"Marcas > Suplementos Nacionales Deportivos > Hoch Sport, Suplementos > Proteínas";"Sabor";"Chocolate";"";"";"";"";"82,990.00";"78,840.00";"3.00";"0.00";"0.00";"0.00";"0";"HOCH0 3KG PROTE CHOCO";"";"NO";"NO";"WHEY PROTEIN x 3 kg - HOCH SPORT - PROTEINA<br />
<br />
Favorece el crecimiento y recuperación de la masa muscular, aportando proteínas de suero lácteo y aminoácidos esenciales de excelente asimilación y absorción. Se presenta en deliciosos sabores y edulcorados con Stevia.<br />
<br />
MODO DE USO<br />
Mezclar una porción (medida dosificadora colmada) con 200cc de agua potable fría o leche descremada, según preferencia, usando un vaso o agitador (shaker).<br />
<br />
Utilícelo entre las comidas principales y después del ejercicio. Beba de 8 a 10 vasos de agua al día. Para obtener los beneficios deseados consuma de 2 a 3 porciones al día durante un mínimo de 6 semanas.<br />
<br />
Uso Sugerido: Consumir aproximadamente 2 gramos de proteína por kg de peso corporal por día, a través de una combinación de alimentos con alto contenido de proteínas y suplementos de proteína. Para obtener un resultado óptimo, distribuya su ingesta diaria de proteínas en varias comidas pequeñas a lo largo del día.<br />
<br />
IMPORTANTE:<br />
Una vez abiertos los productos no tienen devolución. ** Publicado utilizando Astroselling **";"3kg, Hoch Sport, proteina, sabor mango citrico, sabor-chocolate, tamano-3kg, whey protein";"Whey Protein Mango Citrico 3 Kg - Crecimiento Muscular";"Impulsa tu masa muscular con Whey Protein Mango Citrico de 3 Kg. Delicioso sabor y rápida absorción. ¡Mejora tu entrenamiento hoy!";"Hoch Sport";"SI";"";"";"";"16,744.00"
"whey-protein-3-kg-hoch-sport";"";"";"Sabor";"Frutos Rojos";"";"";"";"";"82,990.00";"78,840.00";"3.00";"0.00";"0.00";"0.00";"0";"HOCH0 3KG PROTE FRUTO";"";"";"";"";"proteina, sabor-frutos-rojos, tamano-3kg";"";"";"";"";"";"";"";"16,744.00"
"whey-protein-3-kg-hoch-sport";"";"";"Sabor";"Mango Citric";"";"";"";"";"82,990.00";"78,840.00";"3.00";"0.00";"0.00";"0.00";"0";"HOCH0 3KG PROTE MANGO";"";"";"";"";"proteina, sabor-naranja-mango, tamano-3kg";"";"";"";"";"";"";"";"47,782.00"
"whey-protein-3-kg-hoch-sport";"";"";"Sabor";"Vainilla";"";"";"";"";"82,990.00";"78,840.00";"3.00";"0.00";"0.00";"0.00";"0";"HOCH0 3KG PROTE VAINI";"";"";"";"";"proteina, sabor-vainilla, tamano-3kg";"";"";"";"";"";"";"";"16,744.00"
"100-whey-2-lb-whey-protein-proteina-ena-sabor-vainilla";"100% Whey 2 Lb - Whey Protein Proteina Ena Sabor Vainilla";"Marcas > Suplementos Nacionales Deportivos > Ena, Suplementos > Proteínas";"";"";"";"";"";"";"70,973.00";"67,424.00";"0.91";"0.00";"0.00";"0.00";"13";"ENA0 100% WHEY PROTE VAINI 2LB";"";"SI";"NO";"La misión de ENA Sport es ayudar a los atletas a alcanzar sus objetivos, en todas las etapas de su vida deportiva. Desde hace más de 30 años ENA Sport fue creciendo hasta convertirse en una de las marcas líderes en el mercado argentino de suplementos e incluso exporta a otros países de Latinoamérica.<br />
<br />
*Este producto es un suplemento dietario, no es un medicamento. Suplementa dietas insuficientes. Consulte a su médico y/o farmacéutico.";"100%, ena, proteina, sabor vainilla, tamano-907g, whey protein";"Proteína Whey Vainilla ENA 2Lb - Energía y Rendimiento";"Descubre la Proteína Whey Vainilla ENA: ideal para deportistas. Aumenta tu energía y rendimiento. ¡Mejora tu entrenamiento hoy mismo!";"Ena";"SI";"";"";"";"40,863.00"
"whey-protein-900g-pura-80-pack-ena-sabor-frutilla-900g";"Whey Protein 900g Pura 80% Pack Ena Sabor Frutilla 900g";"Marcas > Suplementos Nacionales Deportivos > Ena, Suplementos > Proteínas";"Sabor";"Frutilla";"";"";"";"";"70,973.00";"67,424.00";"0.91";"0.00";"0.00";"0.00";"34";"ENA0 WHEY 100% PROTE FRUTI 2LB";"";"SI";"NO";"*Envíos a todo el país.<br />
*15% de descuento abonando en efectivo / 5% de descuento abonando con transferencia.<br />
*Envíos gratis superando los $50.000 para CABA/GBA y entrega en el día comprando antes de las 10hs.<br />
*Envíos gratis superando los $70.000 para el interior del país.<br />
*3 cuotas sin interés en todos los productos.<br />
*Cupones exclusivos con descuentos!";"100%, ena, proteina, sabor frutilla, sabor-frutilla, tamano-900g, whey protein";"Proteína Whey 80% Frutilla 900g - Descuento y Envío Gratis";"Disfruta de Whey Protein 80% sabor frutilla. Descuento del 15% y envíos gratis. Comprá ahora y aprovecha 3 cuotas sin interés. ¡Mejora tu nutrición!";"Ena";"SI";"";"";"";"40,863.00"
"ena-100-whey-protein-proteina-concentrada";"Ena 100% Whey Protein. Proteina Concentrada";"Marcas > Suplementos Nacionales Deportivos > Ena, Suplementos > Proteínas";"";"";"";"";"";"";"70,973.00";"67,424.00";"0.91";"0.00";"0.00";"0.00";"18";"ENA0 100% WHEY PROTE CHOCO 2LB";"";"SI";"NO";"100% Whey Protein de ENA ofrece 20 grs de proteínas por porción. Recomendada para complementar tus desayunos, tus meriendas y tu snack recovery post entreno. Además, es rica en aminoácidos ramificados (BCAA), ideal para favorecer la síntesis de masa muscular. <br />
<br />
MODO DE USO: colocar una medida (scoop) en un shaker ENA y agregar 200 cm3 de agua o leche (preferentemente descremada), agitar y consumir en tus desayunos o meriendas.<br />
<br />
ENA ofrece la línea más completa de suplementos deportivos para mejorar el rendimiento, la recuperación y la nutrición. Con fuerte vocación por la calidad de sus productos y en la excelencia de la materia prima, acompañan el crecimiento de los atletas en todas las etapas de su vida deportiva.";"100%, 2 libras, ena, proteina, sabor chocolate, whey protein";"Proteína ENA 100% Whey: 20g, BCAA, Masa Muscular";"Descubre ENA 100% Whey Protein: 20g de proteína, BCAA y apoyo muscular. Perfecta para desayunos y post-entrenos. ¡Mejora tu rendimiento ahora!";"Ena";"SI";"";"";"";"40,863.00"
"vegetal-protein-isolate-2lbs-100-b12-gold-nutrition-vegan-sabor-neutro";"Vegetal Protein Isolate 2lbs 100% B12 Gold Nutrition Vegan Sabor Neutro";"Marcas > Suplementos Importados > Gold Nutrition, Suplementos > Proteínas";"";"";"";"";"";"";"36,014.00";"34,213.00";"0.50";"0.00";"0.00";"0.00";"0";"GOLDNU0 VEGAN PROTEIN ISO NEUTRO";"";"SI";"NO";"*Envíos a todo el país.<br />
*15% de descuento abonando en efectivo / 5% de descuento abonando con transferencia.<br />
*Envíos gratis superando los $50.000 para CABA/GBA y entrega en el día comprando antes de las 10hs.<br />
*Envíos gratis superando los $70.000 para el interior del país.<br />
*3 cuotas sin interés en todos los productos.<br />
*Cupones exclusivos con descuentos!";"2 libras, gold nutrition, isolate, plant, proteina, proteina isolada, proteina-vegetal, sabor neutro, tamano-907g, vegetal";"Proteína Vegetal B12 Gold 2lbs Vegan Sabor Neutro";"Disfruta de proteína vegetal pura con B12. Vegana, sabor neutro. ¡Llévatela con envío gratis y descuentos exclusivos! Aprovecha en 3 cuotas sin interés.";"Gold Nutrition";"SI";"";"";"";"20,735.00"
"creatine-monohydrate-x-200grs-sin-sabor-protein-project";"Creatine Monohydrate X 200grs Sin Sabor - Protein Project";"Marcas > Suplementos Nacionales Deportivos > Protein Project, Suplementos > Proteínas, Suplementos > Creatinas";"";"";"";"";"";"";"27,096.00";"25,741.00";"0.20";"0.00";"0.00";"0.00";"0";"PROJ0 CREA 200G";"";"NO";"NO";"INFORMACION DEL PRODUCTO:<br />
- El producto no tiene sabor.<br />
- No trae Scoop.<br />
- Libre de Gluten - Sin TACC.<br />
- Una vez abiertos los productos no tienen devolución (sin excepción).<br />
<br />
La creatina micronizada es la unión de tres aminoácidos que ofrece mayores ventajas que la creatina normal, mejorando su asimilación. Es recomendada durante un plan de entrenamiento para aumentar la fuerza, resistencia y recuperación.<br />
Contiene 5 gr. de creatina pura y tan sólo 20 calorías por porción.<br />
<br />
Principales Beneficios<br />
- Antes del entrenamiento previene la fatiga muscular<br />
- Luego del entrenamiento recupera la masa muscular<br />
- Aumento de energía<br />
- Aumento muscular<br />
- Prevención de fatiga muscular<br />
<br />
Modo de Uso:<br />
Mezclar 1 porción (una cucharadita de té) de creatina con 200 ml. de agua.<br />
Durante los primeros cuatro días consumir 4 porciones diarias.<br />
En los días siguientes, consumir 1 o 2 porciones diarias, preferentemente con el estómago vacío.<br />
<br />
Presentación:<br />
- Contenido: 200 gr.<br />
- Porción: 5 gr. (una cucharadita de té).<br />
- Servicio por envase: 40 servicios.<br />
<br />
Aclaraciones Importantes<br />
- Consulta con un MÉDICO o NUTRICIONISTA antes de incorporar este producto a tu dieta.<br />
- Este producto NO es de tipo medicinal, es un suplemento nutricional.<br />
- Se debe utilizar de forma adecuada y se deben respetar las instrucciones de toma que se describen en la etiqueta del producto.<br />
- Las advertencias y forma de consumo del producto están en español en el rótulo del envase.<br />
- No es un reemplazo de la comida.<br />
- Embarazadas y mujeres en periodo de lactancia deben consultar con un médico o nutricionista si pueden consumir el producto.<br />
- Menores de 18 años deben consultar con un médico o nutricionista si pueden consumir el producto. ** Publicado utilizando Astroselling **";"200g, creatina, creatina monohidrato, protein project, proteina, sin tacc, suplemento deportivos";"Creatina Monohidratada 200gr Sin Sabor - Protein Project";"Mejora tu rendimiento con creatina monohidratada sin sabor. Aumenta fuerza y resistencia. 200gr sin gluten. ¡Compra ahora y potencia tus entrenos!";"Protein Project";"SI";"";"";"";"13,636.00"
"whey-protein-100-gold-nutrition-suplemento-en-polvo-doypack-2lb";"Whey Protein 100% Gold Nutrition Suplemento en Polvo Doypack 2LB";"Marcas > Suplementos Importados > Gold Nutrition, Suplementos > Proteínas";"Sabor";"Chocolate";"";"";"";"";"79,955.00";"75,957.00";"0.91";"0.00";"0.00";"0.00";"81";"GOLDNU0 PROTE DOY CHOCO 2LB";"606110365512";"SI";"NO";"<p>Whey Protein 100% Gold Nutrition Suplemento en Polvo Doypack 2LB</p>";"chocolate, gourmet, proteina, sabor-chocolate, suplemento deportivo, tamano-907g, whey protein";"Whey Protein 100% Gold Nutrition Chocolate 2 Lb Suplemento";"Mejora tu dieta con Whey Protein 100% Gold Nutrition. Delicioso sabor Milk Chocolate. Aporta proteínas esenciales. ¡Compra ahora y fortalece tu nutrición!";"Gold Nutrition";"SI";"";"";"";"46,034.00"
"whey-protein-100-gold-nutrition-suplemento-en-polvo-doypack-2lb";"";"";"Sabor";"Frutilla";"";"";"";"";"79,955.00";"75,957.00";"0.91";"0.00";"0.00";"0.00";"9";"GOLDNU0 PROTE DOY FRUTI 2LB";"";"";"";"";"proteina, sabor-frutilla, tamano-907g";"";"";"";"";"";"";"";"46,034.00"
"whey-protein-100-gold-nutrition-suplemento-en-polvo-doypack-2lb";"";"";"Sabor";"Vainilla";"";"";"";"";"79,955.00";"75,957.00";"0.91";"0.00";"0.00";"0.00";"0";"GOLDNU0 PROTE DOY VAINI 2LB";"606110365529";"";"";"";"proteina, sabor-vainilla, tamano-907g";"";"";"";"";"";"";"";"46,034.00"
"suplemento-en-polvo-nutrilab-proteina-whey-pro-2-0-proteina-3kg-sabor-frutilla";"Suplemento En Polvo Nutrilab Proteína Whey Pro 2.0 Proteina 3kg Sabor Frutilla";"Marcas > Suplementos Nacionales Deportivos > Nutrilab, Suplementos > Proteínas";"";"";"";"";"";"";"20,059.00";"19,056.00";"3.00";"0.00";"0.00";"0.00";"0";"NUTRILAB0 WHEY PRO 3KG FRUTI";"";"SI";"NO";"MORASHOP";"3kg, frutilla, nutrilab, proteina, tamano-3kg, whey protein";"Proteína Whey Pro 2.0 Nutrilab Frutilla 3kg - Suplemento en Polvo";"Aumentá tu masa muscular con Nutrilab Whey Pro 2.0 Sabor Frutilla. 3kg de proteína de alta calidad. ¡Compra ahora y mejora tu rendimiento!";"Nutrilab";"SI";"";"";"";"11,549.00"
"ena-whey-x-pro-453gr-proteina-potenciada-sabor-vainilla";"Ena Whey X Pro 453gr Proteina Potenciada - Sabor Vainilla";"Marcas > Suplementos Nacionales Deportivos > Ena, Suplementos > Proteínas";"";"";"";"";"";"";"53,006.00";"50,355.00";"0.50";"0.00";"0.00";"0.00";"12";"ENA0 1LB X PRO VAINI";"";"SI";"NO";"Impulsa tu rendimiento deportivo y nutricional con el suplemento deportivo Ena X Pro en delicioso sabor Vainilla Ice Cream. Con 453 gramos de Whey protein de alta calidad, este producto te ayudará a aumentar tu masa muscular y mejorar tu recuperación después de cada entrenamiento. La línea Xpro de Ena es reconocida por su eficacia y calidad, y este suplemento no es la excepción. Presentado en un práctico formato de polvo y en una bolsa fácil de transportar, podrás llevarlo contigo a donde quieras y disfrutar de sus beneficios en cualquier momento. Además, su sabor a vainilla lo hace perfecto para combinar con tus batidos, yogures o simplemente mezclarlo con agua o leche. No esperes más para potenciar tus resultados y alcanzar tus objetivos con Ena X Pro Vainilla Ice Cream. ** Publicado utilizando Astroselling **";"453g, complex protein, potenciada, proteina, suplementos, tamano-454g, vainilla ice cream, whey protein";"Proteína Ena Whey X Pro 453g - Vainilla Ice Cream";"Aumenta tu masa muscular y mejora tu recuperación con Ena Whey X Pro 453g sabor Vainilla Ice Cream. ¡Impulsa tu rendimiento ahora!";"Ena";"SI";"";"";"";"30,518.00"
"ena-starter-protein-400g-en-polvo-desayuno-proteico-shake-bebible-proteinas-mas-energia-sabor-cafe-con-leche";"Ena Starter Protein 400g En Polvo Desayuno Proteico Shake Bebible Proteínas Más Energía Sabor Café Con Leche";"Marcas > Suplementos Nacionales Deportivos > Ena, Suplementos > Proteínas, Suplementos > Cafeína y energía";"";"";"";"";"";"";"42,224.00";"40,112.00";"0.50";"0.00";"0.00";"0.00";"9";"ENA0 STARTER PROTEIN CAFE";"";"SI";"NO";"La misión de ENA Sport es ayudar a los atletas a alcanzar sus objetivos, en todas las etapas de su vida deportiva. Desde hace más de 30 años ENA Sport fue creciendo hasta convertirse en una de las marcas líderes en el mercado argentino de suplementos e incluso exporta a otros países de Latinoamérica.<br />
<br />
LA PROTEÍNA IDEAL PARA TUS DÍAS.<br />
Breakfast shake.<br />
<br />
STARTER PROTEIN es un suplemento a base de proteína de suero de leche combinado con extractos de café y te verde sabor café con leche. Su fórmula lo posiciona como una excelente opción para mejorar la calidad de tus desayunos o meriendas. Incorpora proteínas de la mas alta calidad junto con los mejores energizantes naturales para optimizar tu rendimiento diario y alcanzar tus objetivos.<br />
Disolver una medida (16 gr.) de STARTER PROTEIN en 200cm3 de agua o leche parcialmente descremada fría, agitar y consumir. Se puede consumir a temperaturas que no superen los 70°C.<br />
<br />
*Este producto es un suplemento dietario, no es un medicamento. Suplementa dietas insuficientes. Consulte a su médico y/o farmacéutico. ** Publicado utilizando Astroselling **";"400g, cafe, desayuno, ena, energia, proteina, Starter Protein";"Proteína Ena Starter 400g - Shake Energético Café con Leche";"Mejora tus desayunos con Ena Starter Protein 400g sabor café con leche. Alta calidad de proteína de suero y energizantes naturales. ¡Empieza tu día con energía!";"Ena";"SI";"";"";"";"24,310.00"
"suplemento-en-polvo-ena-sport-true-made-proteinas-sabor-double-rich-chocolate-en-sachet-de-453g1";"Suplemento En Polvo Ena Sport True Made Proteínas Sabor Double Rich Chocolate En Sachet De 453g";"Marcas > Suplementos Nacionales Deportivos > Ena, Suplementos > Proteínas";"";"";"";"";"";"";"49,412.00";"46,941.00";"0.50";"0.00";"0.00";"0.00";"10";"ENA0 1LB TRUE MADE CHOCO";"";"NO";"NO";"La misión de ENA Sport es ayudar a los atletas a alcanzar sus objetivos, en todas las etapas de su vida deportiva. Desde hace más de 30 años ENA Sport fue creciendo hasta convertirse en una de las marcas líderes en el mercado argentino de suplementos e incluso exporta a otros países de Latinoamérica.<br />
<br />
TRUEMADE contiene un blend de máxima pureza con una rápida absorción y una excelente calidad, garantizando una efectiva y rápida recuperación del tejido muscular:<br />
<br />
- Whey protein concentrate (WPC): perfil completo de aminoácidos esenciales, brindando la mejor calidad de proteínas para aumentar la energía durante el entrenamiento.<br />
<br />
- Whey Protein Isolate (WPI): máxima pureza. Bajo en carbohidratos, grasas y fácil de digerir logrando una mayor absorción de la proteína.<br />
<br />
Fuente rápida de energía<br />
La principal función de las proteínas es contribuir con la regeneración muscular. Es por esto que los suplementos proteicos suelen ser utilizados en ciertas circunstancias, por ejemplo ante el aumento de la intensidad del ejercicio, la recuperación luego de una lesión o para complementar la alimentación de personas veganas y vegetarianas. Algunos de los beneficios son: su consumo fácil, su bajo contenido en azúcares y grasas y la posible reducción del apetito.<br />
<br />
*Este producto es un suplemento dietario, no es un medicamento. Suplementa dietas insuficientes. Consulte a su médico y/o farmacéutico. ** Publicado utilizando Astroselling **";"453g, doublerich, ena, isolate, proteina, sachet, tamano-454g, truemade, whey protein";"Suplemento Proteínas ENA Sport Chocolate 453g";"Descubre el Suplemento ENA Sport True Made Proteínas - Chocolate 453g, ideal para la rápida recuperación muscular. ¡Mejora tu rendimiento ahora!";"Ena";"SI";"";"";"";"28,449.00"
"true-made-whey-protein-5lb-2-27-kg-truemade-isolate-ena";"True Made Whey Protein 5lb (2.27 Kg) Truemade Isolate Ena";"Marcas > Suplementos Nacionales Deportivos > Ena, Suplementos > Proteínas";"";"";"";"";"";"";"215,609.00";"204,828.00";"0.50";"0.00";"0.00";"0.00";"0";"ENA0 5LB TRUE MADE CHOCO";"";"SI";"NO";"Experimenta el poder de la proteína de suero de leche con True Made Whey Protein de Ena, una opción ideal para aquellos que buscan mejorar su rendimiento deportivo y apoyar el crecimiento muscular. Esta fórmula de alta calidad de la línea Core Series viene en un delicioso sabor a chocolate y es fácil de mezclar en polvo, lo que facilita su incorporación a tus batidos o recetas favoritas. Con 25 g de proteínas por porción y solo 1.9 g de carbohidratos, este suplemento te ayudará a alcanzar tus objetivos de nutrición y entrenamiento sin sacrificar el sabor. Además, es libre de gluten, lo que lo hace adecuado para aquellos con sensibilidad al gluten. Sin embargo, ten en cuenta que contiene lactosa y no es apto para veganos. El práctico sachet de 2.27 kg te proporcionará una gran cantidad de proteína para mantener tus músculos alimentados y listos para enfrentar cualquier desafío. ¡No esperes más y lleva tu entrenamiento al siguiente nivel con True Made Whey Protein de Ena! ** Publicado utilizando Astroselling **";"proteina-isolate, tamano-2-27kg";"";"";"Ena";"SI";"";"";"";"124,138.00"
"true-made-whey-protein-5lb-2-27-kg-isolate-ena-vainilla";"True Made Whey Protein 5lb (2.27 Kg) Isolate Ena Vainilla";"Marcas > Suplementos Nacionales Deportivos > Ena, Suplementos > Proteínas";"";"";"";"";"";"";"215,609.00";"204,828.00";"0.50";"0.00";"0.00";"0.00";"0";"ENA0 5LB TRUE MADE VAINILLA";"";"SI";"NO";"Una nutrición balanceada juega un papel fundamental en la calidad de vida. Con el ritmo acelerado que llevan muchas personas, a veces resulta complejo prestar atención a todos los requerimientos que el cuerpo necesita para estar sano y fuerte. En ese sentido, los suplementos cumplen la función de complementar la alimentación y ayudan a obtener las vitaminas, minerales, proteínas y otros componentes indispensables para el correcto funcionamiento del organismo.<br />
<br />
*Este producto es un suplemento dietario, no es un medicamento. Suplementa dietas insuficientes. Consulte a su médico y/o farmacéutico. ** Publicado utilizando Astroselling **";"proteina-isolate, tamano-2-27kg";"";"";"Ena";"SI";"";"";"";"124,138.00"
"whey-x-pro-1-lb-ena-proteina-suero-de-leche-creatina-sabor-chocolate";"Whey X Pro (1 Lb) Ena - Proteína Suero De Leche + Creatina Sabor Chocolate";"Marcas > Suplementos Nacionales Deportivos > Ena, Suplementos > Proteínas";"";"";"";"";"";"";"53,006.00";"50,355.00";"0.50";"0.00";"0.00";"0.00";"10";"ENA0 1LB X PRO CHOCO";"";"NO";"NO";"WHEY X PRO.<br />
¡TODO EN UNO! MÁS DEFINICIÓN, MÁS ENERGÍA, RÁPIDA RECUPERACIÓN.<br />
<br />
Whey X Pro proporciona una combinación potente de proteínas, creatina, taurina, glutamina, aminoácidos, vitaminas, minerales y antioxidantes, en una fórmula mejorada. Proporciona un sabor superior y una disolución máxima para lograr resultados óptimos. Puedes consumirla antes o después del entrenamiento. Es la proteína de suero más avanzada disponible.<br />
<br />
PRESENTACIÓN:<br />
1 libra en polvo. Sabor vainilla o chocolate.<br />
<br />
MODO DE USO:<br />
Añade una medida de WHEY X PRO a un vaso batidor. Agrega 200 cm3 de leche. Agita y consume. <br />
Ingesta diaria: consume 2 medidas todos los días (cada medida proporciona 33 gr), 1 medida a media mañana y otra a media tarde. En los días de entrenamiento, consume una hora antes y media hora después del mismo. ** Publicado utilizando Astroselling **";"1lb, all in one, chocolate, complex protein, creatina, enargy, proteina, whey protein, x-pro";"Whey X Pro (1 Lb) Ena - Proteína Suero + Creatina Chocolate";"Mejora tu rendimiento con Whey X Pro, la proteína de suero avanzada con creatina, aminoácidos y vitaminas. Ideal para antes o después del entrenamiento. ¡Prueba su sabor chocolate!";"Ena";"SI";"";"";"";"30,518.00"
"nitro-whey-2-lb-proteina-aminoacidos-star-nutrition-sabor-frutilla-a-la-crema";"Nitro Whey 2 Lb Proteina Aminoacidos Star Nutrition Sabor Frutilla A La Crema";"Marcas > Suplementos Nacionales Deportivos > Star Nutrition, Suplementos > Proteínas";"";"";"";"";"";"";"73,247.00";"69,584.00";"1.00";"0.00";"0.00";"0.00";"0";"STARNU0 NITRO WHEY FRUTILLA 2LB";"";"SI";"NO";"NITRO WHEY<br />
Suplemento dietario a base de proteínas y aminoácidos.<br />
<br />
908g (2Lb) | 30 serv. | 25G DE PROTEÍNA X SERV.<br />
<br />
Descripción<br />
LA PROTEÍNA MÁS COMPLETA<br />
Para todos aquellos deportistas que solo desean consumir un suplemento, sin tener que pensar a toda hora qué producto deben consumir, les presentamos:<br />
NITRO WHEY de STAR NUTRITION, el ""todo en uno"" más completo del mercado.<br />
Consiste en un aislado y concentrado de proteínas de suero lacteo de máxima pureza, muy bajo en carbohidratos y sin agregados de azúcar.<br />
STAR NUTRITION NITRO WHEY está potenciado además con Creatina Monohidrato, Beta Alanina, Aminoácidos de cadena ramificada y enzimas digestivas, además de un exclusivo probiótico. Todo esto la convierte en la Proteína más completa.<br />
Cada servicio de 36gr contiene 29gr de pura proteína de suero ultra concentrada, 3gr de Creatina, 1gr de Beta Alanina, 4gr de Aminoácidos de cadena ramificada (en forma libre y como fuente de la proteína), y la increíble cantidad de 8,92gr de Glutamina (en forma libre y como fuente de la proteína).<br />
Si comienzas un nuevo ciclo de entrenamiento, no lo dudes, NITRO WHEY es tu mejor opción.<br />
<br />
Modo de uso<br />
Mezclar 1 medida de Nitro Whey en 300cm3 de agua o leche descremada o como lo indique su médico.<br />
<br />
Advertencias<br />
Suplementa dietas insuficientes, consulte a su médico y/o farmacéutico. No consumir en caso de embarazo o lactancia. Menores de 18 años consumir bajo supervisión de un adulto o profesional. Mantener en lugar fresco y seco, fuera del alcance de los niños. No exponer a temperaturas mayores a 25°C.<br />
Información adicional:<br />
Fenilcetonúricos, contiene fenilalanina. Dado la pureza y las características de las materias primas, el volumen del producto puede variar según el lote, alterando levemente el tamaño de la porción. También puede ocurrir cierta variación en el aspecto del producto sin alterar sus cualidades nutricionales.";"proteina, star nutrition, tamano-907g";"";"";"Star Nutrition";"SI";"";"";"";"42,172.00"
"proteina-whey-pro-2-0-nutrilab-suplemento-en-polvo-en-pote-de-5kg";"Proteína Whey Pro 2.0 Nutrilab Suplemento En Polvo en Pote de 5kg";"Marcas > Suplementos Nacionales Deportivos > Nutrilab, Suplementos > Proteínas";"Sabor";"Chocolate";"";"";"";"";"102,593.00";"97,463.00";"5.00";"0.00";"0.00";"0.00";"0";"NUTRILAB0 WHEY PRO 5KG CHOCO";"";"SI";"NO";"<p>Prote&iacute;na Whey Pro 2.0 Nutrilab Suplemento En Polvo en Pote de 5kg</p>";"5kg, nutrilab, pote, proteina, sabor-chocolate, suplemento deportivo, whey protein";"Proteína Whey Pro 2.0 Nutrilab - Suplemento en Pote 5kg";"Descubre la Proteína Whey Pro 2.0 Nutrilab en pote de 5kg. Ideal para potenciar tu entrenamiento. ¡Adquiérela y mejora tu rendimiento ahora!";"Nutrilab";"SI";"";"";"";"59,068.00"
"proteina-whey-pro-2-0-nutrilab-suplemento-en-polvo-en-pote-de-5kg";"";"";"Sabor";"Cookies & Cream";"";"";"";"";"102,593.00";"97,463.00";"5.00";"0.00";"0.00";"0.00";"0";"NUTRILAB0 WHEY PRO 5KG COOK";"";"";"";"";"proteina, sabor-cookies-cream";"";"";"";"";"";"";"";"59,068.00"
"proteina-whey-pro-2-0-nutrilab-suplemento-en-polvo-en-pote-de-5kg";"";"";"Sabor";"Frutilla";"";"";"";"";"102,593.00";"97,463.00";"5.00";"0.00";"0.00";"0.00";"0";"NUTRILAB0 WHEY PRO 5KG FRUTI";"";"";"";"";"proteina, sabor-frutilla";"";"";"";"";"";"";"";"59,068.00"
"proteina-whey-pro-2-0-nutrilab-suplemento-en-polvo-en-pote-de-5kg";"";"";"Sabor";"Vainilla";"";"";"";"";"102,593.00";"97,463.00";"5.00";"0.00";"0.00";"0.00";"0";"NUTRILAB0 WHEY PRO 5KG VAINI";"";"";"";"";"proteina, sabor-vainilla";"";"";"";"";"";"";"";"59,068.00"
"proteina-optimum-nutrition-gold-standard-100-whey-x-1-5-lb";"Proteína Optimum Nutrition Gold Standard 100% Whey X 1.5 Lb";"Marcas > Suplementos Importados > Optimum, Suplementos > Proteínas";"Sabor";"Chocolate";"";"";"";"";"89,648.00";"85,165.00";"0.68";"0.00";"0.00";"0.00";"0";"OPTIM0 POTE 1.5LB CHOCO";"";"SI";"NO";"*Envíos a todo el país.<br /> *15% de descuento abonando en efectivo / 5% de descuento abonando con transferencia.<br /> *Envíos gratis superando los $50.000 para CABA/GBA y entrega en el día comprando antes de las 10hs.<br /> *Envíos gratis superando los $70.000 para el interior del país.<br /> *3 cuotas sin interés en todos los productos.<br /> *Cupones exclusivos con descuentos!";"proteina, sabor-chocolate, tamano-2-27kg";"";"";"Optimum";"SI";"";"";"";"51,615.00"
"proteina-optimum-nutrition-gold-standard-100-whey-x-1-5-lb";"";"";"Sabor";"Frutilla";"";"";"";"";"89,648.00";"85,165.00";"0.68";"0.00";"0.00";"0.00";"0";"OPTIM0 POTE 1.5LB FRUTI";"";"";"";"";"proteina, sabor-frutilla, tamano-2-27kg";"";"";"";"";"";"";"";"51,615.00"
"proteina-optimum-nutrition-gold-standard-100-whey-x-1-5-lb";"";"";"Sabor";"Vainilla";"";"";"";"";"89,648.00";"85,165.00";"0.68";"0.00";"0.00";"0.00";"0";"OPTIM0 POTE 1.5LB VAINI";"";"";"";"";"proteina, sabor-vainilla, tamano-2-27kg";"";"";"";"";"";"";"";"51,615.00"
"suplemento-en-polvo-bsn-ultra-premiun-protein-matrix-syntha-6-proteina-en-pote-de-1-32kg";"Suplemento en polvo BSN Ultra Premiun Protein Matrix Syntha-6 proteína en pote de 1.32kg";"Marcas > Suplementos Importados > BSN, Suplementos > Proteínas";"Sabor";"chocolate milkshake";"";"";"";"";"138,806.00";"131,865.00";"1.32";"0.00";"0.00";"0.00";"0";"BSN0 SYNTHA6. 1.32KG CHOCO";"";"SI";"NO";"*Envíos a todo el país.<br /> *15% de descuento abonando en efectivo / 5% de descuento abonando con transferencia.<br /> *Envíos gratis superando los $50.000 para CABA/GBA y entrega en el día comprando antes de las 10hs.<br /> *Envíos gratis superando los $70.000 para el interior del país.<br /> *3 cuotas sin interés en todos los productos.<br /> *Cupones exclusivos con descuentos!";"proteina, sabor-chocolate, tamano-2kg";"";"";"Bsn";"SI";"";"";"";"79,918.00"
"suplemento-en-polvo-bsn-ultra-premiun-protein-matrix-syntha-6-proteina-en-pote-de-1-32kg";"";"";"Sabor";"cookies & cream";"";"";"";"";"138,806.00";"131,865.00";"1.32";"0.00";"0.00";"0.00";"0";"BSN0 SYNTHA6. 1.32KG COOK";"";"";"";"";"proteina, sabor-cookies-cream, tamano-2kg";"";"";"";"";"";"";"";"79,918.00"
"suplemento-en-polvo-bsn-ultra-premiun-protein-matrix-syntha-6-proteina-en-pote-de-1-32kg";"";"";"Sabor";"strawberry milkshake";"";"";"";"";"138,806.00";"131,865.00";"1.32";"0.00";"0.00";"0.00";"26";"BSN0 SYNTHA6. 1.32KG FRUTI";"834266006151";"";"";"";"proteina, sabor-frutilla, tamano-2kg";"";"";"";"";"";"";"";"79,918.00"
"suplemento-en-polvo-bsn-ultra-premiun-protein-matrix-syntha-6-proteina-en-pote-de-1-32kg";"";"";"Sabor";"vanilla ice cream";"";"";"";"";"138,806.00";"131,865.00";"1.32";"0.00";"0.00";"0.00";"0";"BSN0 SYNTHA6. 1.32KG VAINI";"834266006106";"";"";"";"proteina, sabor-vainilla, tamano-2kg";"";"";"";"";"";"";"";"79,918.00"
"suplemento-en-polvo-protein-project-whey-protein-isolate-proteinas-sabor-chocolate-en-pote-de-908g";"Suplemento En Polvo Protein Project Whey Protein Isolate Proteínas Sabor Chocolate En Pote De 908g";"Marcas > Suplementos Nacionales Deportivos > Protein Project, Suplementos > Proteínas";"";"";"";"";"";"";"86,882.00";"82,537.00";"3.00";"0.00";"0.00";"0.00";"0";"PROJ0 POTE PROTE ISO CHOCO";"";"NO";"NO";"*Envíos a todo el país.<br /> *15% de descuento abonando en efectivo / 5% de descuento abonando con transferencia.<br /> *Envíos gratis superando los $50.000 para CABA/GBA y entrega en el día comprando antes de las 10hs.<br /> *Envíos gratis superando los $70.000 para el interior del país.<br /> *3 cuotas sin interés en todos los productos.<br /> *Cupones exclusivos con descuentos!";"proteina-isolate";"";"";"Protein Project";"SI";"";"";"";"50,022.00"
"suplemento-en-polvo-protein-project-whey-protein-isolate-proteinas-sabor-vainilla-en-pote-de-908g";"Suplemento En Polvo Protein Project Whey Protein Isolate Proteínas Sabor Vainilla En Pote De 908g";"Marcas > Suplementos Nacionales Deportivos > Protein Project, Suplementos > Proteínas";"";"";"";"";"";"";"86,882.00";"82,537.00";"3.00";"0.00";"0.00";"0.00";"0";"PROJ0 POTE PROTE ISO VAINI";"";"NO";"NO";"*Envíos a todo el país.<br /> *15% de descuento abonando en efectivo / 5% de descuento abonando con transferencia.<br /> *Envíos gratis superando los $50.000 para CABA/GBA y entrega en el día comprando antes de las 10hs.<br /> *Envíos gratis superando los $70.000 para el interior del país.<br /> *3 cuotas sin interés en todos los productos.<br /> *Cupones exclusivos con descuentos!";"proteina-isolate";"";"";"Protein Project";"SI";"";"";"";"50,022.00"
"suplemento-en-polvo-whey-protein-3kg-de-body-advance";"Suplemento en Polvo Whey Protein 3kg de Body Advance";"Marcas > Suplementos Importados > Body Advance, Suplementos > Proteínas";"Sabor";"Chocolate";"";"";"";"";"91,970.00";"87,371.00";"3.00";"0.00";"0.00";"0.00";"91";"BODY0 3KG PROTE CHOCO";"0714604413486";"SI";"NO";"<h2>Suplemento en Polvo Whey Protein 3kg de Body Advance</h2>
<p><strong>Optimiza tus entrenamientos y acelera la recuperación muscular</strong> con el <em>Suplemento en Polvo Whey Protein 3kg de Body Advance</em>. Esta proteína de alta calidad está diseñada para quienes buscan potenciar el desarrollo de masa muscular magra, mejorar el rendimiento físico y cuidar su nutrición diaria.</p>

<h3>Beneficios Principales</h3>
<ul>
<li><strong>Favorece el crecimiento y la recuperación muscular</strong> gracias a su alto contenido proteico.</li>
<li>Ayuda a mantener y desarrollar masa muscular magra, ideal para deportistas y personas activas.</li>
<li><em>Facilita la síntesis de proteínas</em> y apoya la saciedad, contribuyendo a la gestión del peso.</li>
<li>Mejora la recuperación post-entrenamiento, reduciendo la fatiga muscular.</li>
</ul>

<h3>Ingredientes Clave</h3>
<ul>
<li>Proteína de suero de leche (whey protein) concentrada de alta calidad.</li>
<li>Aromas naturales y edulcorantes según el sabor elegido.</li>
</ul>

<h3>Modo de Uso</h3>
<ol>
<li>Mezclá una porción (aprox. 30g) con 200-250 ml de agua, leche descremada o tu bebida favorita.</li>
<li>Consumí 1 o 2 veces al día, preferentemente después del entrenamiento y/o entre comidas para potenciar la recuperación muscular.</li>
</ol>

<h3>Características Especiales</h3>
<ul>
<li><strong>Disolución instantánea:</strong> Se mezcla fácilmente, sin grumos ni residuos.</li>
<li><em>Variedad de sabores</em>: Elegí entre Chocolate, Dulce de Leche, Frutos Rojos o Vainilla, todos deliciosos y suaves.</li>
<li>Gran formato: Contenido de 3kg, ideal para un uso prolongado y rendimiento óptimo.</li>
</ul>

<h3>Perfil Nutricional (por porción de 30g)</h3>
<ul>
<li>Calorías: 125 kcal</li>
<li>Proteínas: 24g</li>
<li>Carbohidratos: 2g</li>
<li>Grasas: 1.5g</li>
</ul>
<p><em>Valores aproximados, pueden variar según el sabor.</em></p>

<h3>Sabor y Presentación</h3>
<ul>
<li><strong>Sabores disponibles:</strong> Chocolate, Dulce de Leche, Frutos Rojos, Vainilla.</li>
<li><strong>Presentación:</strong> Pote de 3kg, rendimiento superior para tu rutina.</li>
</ul>

<h3>Advertencias y Precauciones</h3>
<ul>
<li>No exceder la dosis recomendada.</li>
<li>Consultá a un profesional de la salud antes de usar si estás embarazada, en período de lactancia o tenés alguna condición médica.</li>
<li>Mantener fuera del alcance de los niños.</li>
<li>Almacená en un lugar fresco y seco, alejado de la luz solar directa.</li>
<li>Contiene derivados de leche.</li>
</ul>

<p><strong>El Suplemento en Polvo Whey Protein 3kg de Body Advance es tu aliado ideal para alcanzar tus objetivos de fuerza, rendimiento y bienestar.</strong></p>";"3kg, BCAA, body advance, creatina, l-glutamina, pote, proteina, sabor chocolate, sabor-chocolate, suplemento deportivos, tamano-3kg, vitamina c, whey protein";"Whey Protein Body Advance 3kg Chocolate con Glutamina y BCAA";"Compra Whey Protein Body Advance 3kg sabor chocolate. Incluye Glutamina, BCAA, Vitamina C y Creatina. ¡Aprovechá el 15% de descuento y envíos gratis!";"Body Advance";"SI";"";"";"";"48,539.00"
"suplemento-en-polvo-whey-protein-3kg-de-body-advance";"";"";"Sabor";"Dulce de Leche";"";"";"";"";"91,970.00";"87,371.00";"3.00";"0.00";"0.00";"0.00";"37";"BODY0 3KG PROTE DDL";"";"";"";"";"proteina, sabor-dulce-de-leche, tamano-3kg";"";"";"";"";"";"";"";"48,539.00"
"suplemento-en-polvo-whey-protein-3kg-de-body-advance";"";"";"Sabor";"Frutos Rojos";"";"";"";"";"91,970.00";"87,371.00";"3.00";"0.00";"0.00";"0.00";"98";"BODY0 3KG PROTE FRUTOS";"0714604413509";"";"";"";"proteina, sabor-frutos-rojos, tamano-3kg";"";"";"";"";"";"";"";"48,539.00"
"suplemento-en-polvo-whey-protein-3kg-de-body-advance";"";"";"Sabor";"Vainilla";"";"";"";"";"91,970.00";"87,371.00";"3.00";"0.00";"0.00";"0.00";"9";"BODY0 3KG PROTE VAINI";"0714604413479";"";"";"";"proteina, sabor-vainilla, tamano-3kg";"";"";"";"";"";"";"";"48,539.00"
"whey-protein-907g-body-advance-proteina-de-suero-masa-muscular";"Whey Protein 907G Body Advance Proteina De Suero Masa Muscular";"Marcas > Suplementos Importados > Body Advance, Suplementos > Proteínas";"Sabor";"Chocolate";"";"";"";"";"33,445.00";"27,047.00";"0.91";"0.00";"0.00";"0.00";"871";"BODY0 PROTE CHOCO";"0714604413448";"SI";"NO";"<h2>Whey Protein 907G Body Advance Proteína de Suero Masa Muscular</h2>
<h3>Beneficios Principales</h3>
<ul>
<li><strong>Favorece el desarrollo y la recuperación muscular:</strong> Cada porción aporta proteínas de alta calidad esenciales para la construcción y el mantenimiento de masa muscular magra.</li>
<li><strong>Recuperación post-entrenamiento:</strong> Acelera la recuperación luego de actividades físicas intensas, ayudando a reducir el cansancio muscular.</li>
<li><strong>Apoyo en dietas deportivas:</strong> Contribuye a la síntesis de proteínas y mejora el rendimiento físico general.</li>
</ul>
<h3>Ingredientes Clave</h3>
<ul>
<li><strong>Proteína de suero de leche concentrada y aislada:</strong> Fuente de aminoácidos esenciales y de rápida absorción.</li>
<li>Endulzantes y saborizantes naturales en función del sabor seleccionado.</li>
</ul>
<h3>Modo de Uso</h3>
<ol>
<li>Mezclar una porción (aproximadamente 30g) de Whey Protein 907G Body Advance en 200-250 ml de agua, leche descremada o bebida de preferencia.</li>
<li>Consumir 1 a 2 veces por día, idealmente después del entrenamiento y/o entre comidas, según indicación de un profesional.</li>
</ol>
<h3>Características Especiales</h3>
<ul>
<li><strong>Mezcla Premium:</strong> Combinación de proteína de suero concentrada y aislada para óptima absorción.</li>
<li><strong>Fácil disolución:</strong> Se integra perfectamente en líquidos, sin grumos.</li>
<li><strong>Versátil:</strong> Ideal para batidos, smoothies o recetas saludables.</li>
</ul>
<h3>Perfil Nutricional (por porción de 30g)*</h3>
<ul>
<li>Calorías: Consultar envase según sabor seleccionado</li>
<li>Proteínas: 24-25g</li>
<li>Carbohidratos: 2-3g</li>
<li>Grasas: 1-2g</li>
</ul>

<p>*Valores aproximados, pueden variar según el sabor.</p>

<h3>Sabores Disponibles</h3>
<ul>
<li><strong>Chocolate</strong></li>
<li><strong>Dulce de Leche</strong></li>
<li><strong>Frutos Rojos</strong></li>
<li><strong>Vainilla</strong></li>
</ul>
<h3>Presentación</h3>
<ul>
<li><strong>Envase de 907g</strong> (aproximadamente 30 porciones).</li>
</ul>
<h3>Advertencias y Precauciones</h3>
<ul>
<li>No exceder la dosis recomendada.</li>
<li>Consultar a un profesional de la salud antes de consumir si está embarazada, en período de lactancia o si padece alguna condición médica.</li>
<li>Mantener fuera del alcance de los niños.</li>
<li>Almacenar en lugar fresco y seco, alejado de la luz solar directa.</li>
<li>Contiene derivados de leche (no apto para intolerantes a la lactosa o alérgicos a la proteína de la leche).</li>
</ul>

<p><strong>Whey Protein 907G Body Advance</strong> es la elección ideal para quienes buscan mejorar su rendimiento físico y apoyar sus objetivos de fitness con una proteína de alta calidad y deliciosa, adaptada a los gustos argentinos.</p>";"910g, aumenta masa, Body Advance, masa muscular, proteina, sabor-chocolate, whey protein";"Whey Protein 910g - Aumenta Masa Muscular Eficazmente";"Mejora tu rendimiento con Whey Protein. Compra ahora y aprovecha descuentos y envíos gratis. ¡Fortalece tu cuerpo con la mejor proteína!";"Body Advance";"SI";"";"";"";"17,651.00"
"whey-protein-907g-body-advance-proteina-de-suero-masa-muscular";"";"";"Sabor";"Dulce de Leche";"";"";"";"";"33,445.00";"27,047.00";"0.91";"0.00";"0.00";"0.00";"344";"BODY0 PROTE DDL";"0714604413455";"";"";"";"proteina, sabor-dulce-de-leche";"";"";"";"";"";"";"";"17,651.00"
"whey-protein-907g-body-advance-proteina-de-suero-masa-muscular";"";"";"Sabor";"Vainilla";"";"";"";"";"33,445.00";"27,047.00";"0.91";"0.00";"0.00";"0.00";"1";"BODY0 PROTE VAINI";"0714604413431";"";"";"";"proteina, sabor-vainilla";"";"";"";"";"";"";"";"17,651.00"
"whey-protein-907g-body-advance-proteina-de-suero-masa-muscular";"";"";"Sabor";"Frutos Rojos";"";"";"";"";"33,445.00";"27,047.00";"0.91";"0.00";"0.00";"0.00";"212";"BODY0 PROTE FRUTOS";"0714604413462";"";"";"";"proteina, sabor-frutos-rojos";"";"";"";"";"";"";"";"17,651.00"
"proteina-vegana-natural-pro-vegan-woman-454g-suplemento-c-sabor-chocolate";"Proteina Vegana Natural Pro Vegan Woman 454g Suplemento - C Sabor Chocolate";"Marcas > Suplementos Importados > Woman, Suplementos > Proteínas";"";"";"";"";"";"";"29,083.00";"27,628.00";"1.00";"0.00";"0.00";"0.00";"0";"WOMAN0 PROTE CHOCO";"";"SI";"NO";"*Envíos a todo el país.<br /> *15% de descuento abonando en efectivo / 5% de descuento abonando con transferencia.<br /> *Envíos gratis superando los $50.000 para CABA/GBA y entrega en el día comprando antes de las 10hs.<br /> *Envíos gratis superando los $70.000 para el interior del país.<br /> *3 cuotas sin interés en todos los productos.<br /> *Cupones exclusivos con descuentos!";"proteina-vegetal, tamano-454g";"";"";"Woman Supplements";"SI";"";"";"";"16,744.00"
"suplemento-en-polvo-proteina-vegetal-isolate-soja-1-kg";"Suplemento En Polvo Proteina Vegetal Isolate Soja 1 Kg";"Marcas > Suplementos Nacionales Deportivos > EDN, Suplementos > Proteínas";"Sabor";"Chocolate";"";"";"";"";"18,915.00";"17,969.00";"1.00";"0.00";"0.00";"0.00";"0";"EDN0 PROTE SOJA CHOCO";"";"NO";"NO";"*Envíos a todo el país.<br /> *15% de descuento abonando en efectivo / 5% de descuento abonando con transferencia.<br /> *Envíos gratis superando los $50.000 para CABA/GBA y entrega en el día comprando antes de las 10hs.<br /> *Envíos gratis superando los $70.000 para el interior del país.<br /> *3 cuotas sin interés en todos los productos.<br /> *Cupones exclusivos con descuentos!";"proteina-vegetal, sabor-chocolate, tamano-1kg";"";"";"Every Day Nature";"SI";"";"";"";"10,890.00"
"suplemento-en-polvo-proteina-vegetal-isolate-soja-1-kg";"";"";"Sabor";"Frutilla";"";"";"";"";"18,915.00";"17,969.00";"1.00";"0.00";"0.00";"0.00";"0";"EDN0 PROTE SOJA FRUTI";"";"";"";"";"proteina-vegetal, sabor-frutilla, tamano-1kg";"";"";"";"";"";"";"";"10,890.00"
"suplemento-en-polvo-proteina-vegetal-isolate-soja-1-kg";"";"";"Sabor";"Naranja";"";"";"";"";"18,915.00";"17,969.00";"1.00";"0.00";"0.00";"0.00";"0";"EDN0 PROTE SOJA NARANJA";"";"";"";"";"proteina-vegetal, sabor-naranja-mango, tamano-1kg";"";"";"";"";"";"";"";"10,890.00"
"suplemento-en-polvo-proteina-vegetal-isolate-soja-1-kg";"";"";"Sabor";"Natural";"";"";"";"";"18,915.00";"17,969.00";"1.00";"0.00";"0.00";"0.00";"0";"EDN0 PROTE SOJA NATURAL";"";"";"";"";"proteina-vegetal, sabor-neutro, tamano-1kg";"";"";"";"";"";"";"";"10,890.00"
"suplemento-en-polvo-athomx-whey-protein-proteinas-sabor-natural-en-pote-de-1kg";"Suplemento En Polvo Athomx Whey Protein Proteínas Sabor Natural En Pote De 1kg";"Marcas > Suplementos Nacionales Deportivos > Athomx, Suplementos > Proteínas";"";"";"";"";"";"";"29,083.00";"27,628.00";"1.00";"0.00";"0.00";"0.00";"0";"ATHO0 AX PROTE NATURAL";"";"NO";"NO";"<p>*Env&iacute;os a todo el pa&iacute;s.<br />*15% de descuento abonando en efectivo / 5% de descuento abonando con transferencia.<br />*Env&iacute;os gratis superando los $50.000 para CABA/GBA y entrega en el d&iacute;a comprando antes de las 10hs.<br />*Env&iacute;os gratis superando los $70.000 para el interior del pa&iacute;s.<br />*3 cuotas sin inter&eacute;s en todos los productos.<br />*Cupones exclusivos con descuentos!</p>
<p>&nbsp;</p>
<p><strong>IMPORTANTE:&nbsp;</strong>Los productos de Natural Whey Suplementos no cuentan con la opci&oacute;n de retiro en tienda.</p>";"proteina, tamano-1kg";"";"";"Athomx";"SI";"";"";"";"16,744.00"
"suplemento-en-polvo-athomx-whey-protein-proteinas-sabor-crema-de-fresa-en-pote-de-1kg";"Suplemento En Polvo Athomx Whey Protein Proteínas Sabor Crema De Fresa En Pote De 1kg";"Marcas > Suplementos Nacionales Deportivos > Athomx, Suplementos > Proteínas";"";"";"";"";"";"";"21,000.00";"19,950.00";"1.00";"0.00";"0.00";"0.00";"0";"ATHO0 AX PROTE FRUTI";"";"NO";"NO";"*Envíos a todo el país.<br /> *15% de descuento abonando en efectivo / 5% de descuento abonando con transferencia.<br /> *Envíos gratis superando los $50.000 para CABA/GBA y entrega en el día comprando antes de las 10hs.<br /> *Envíos gratis superando los $70.000 para el interior del país.<br /> *3 cuotas sin interés en todos los productos.<br /> *Cupones exclusivos con descuentos!";"proteina, tamano-1kg";"";"";"Athomx";"SI";"";"";"";"10,900.00"
"suplemento-en-polvo-athomx-whey-protein-proteinas-sabor-dark-chocolate-en-pote-de-1kg";"Suplemento En Polvo Athomx Whey Protein Proteínas Sabor Dark Chocolate En Pote De 1kg";"Marcas > Suplementos Nacionales Deportivos > Athomx, Suplementos > Proteínas";"";"";"";"";"";"";"29,083.00";"27,628.00";"1.00";"0.00";"0.00";"0.00";"0";"ATHO0 AX PROTE CHOCO";"";"NO";"NO";"*Envíos a todo el país.<br /> *15% de descuento abonando en efectivo / 5% de descuento abonando con transferencia.<br /> *Envíos gratis superando los $50.000 para CABA/GBA y entrega en el día comprando antes de las 10hs.<br /> *Envíos gratis superando los $70.000 para el interior del país.<br /> *3 cuotas sin interés en todos los productos.<br /> *Cupones exclusivos con descuentos!";"proteina, tamano-1kg";"";"";"Athomx";"SI";"";"";"";"16,744.00"
"suplemento-en-polvo-athomx-whey-protein-proteinas-sabor-rich-coffee-en-pote-de-1kg";"Suplemento En Polvo Athomx Whey Protein Proteínas Sabor Rich Coffee En Pote De 1kg";"Marcas > Suplementos Nacionales Deportivos > Athomx, Suplementos > Proteínas";"";"";"";"";"";"";"21,000.00";"19,950.00";"1.00";"0.00";"0.00";"0.00";"0";"ATHO0 AX PROTE CAFE";"";"NO";"NO";"*Envíos a todo el país.<br /> *15% de descuento abonando en efectivo / 5% de descuento abonando con transferencia.<br /> *Envíos gratis superando los $50.000 para CABA/GBA y entrega en el día comprando antes de las 10hs.<br /> *Envíos gratis superando los $70.000 para el interior del país.<br /> *3 cuotas sin interés en todos los productos.<br /> *Cupones exclusivos con descuentos!";"proteina, tamano-1kg";"";"";"Athomx";"SI";"";"";"";"10,900.00"
"suplemento-ampk-protein-vainilla-proteina-x-506-g";"Suplemento Ampk Protein Vainilla Proteina X 506 G";"Marcas, Suplementos > Proteínas";"";"";"";"";"";"";"27,570.00";"26,192.00";"0.40";"0.00";"0.00";"0.00";"0";"FP0 506gr VAINILLA";"";"NO";"NO";"*Envíos a todo el país.<br /> *15% de descuento abonando en efectivo / 5% de descuento abonando con transferencia.<br /> *Envíos gratis superando los $50.000 para CABA/GBA y entrega en el día comprando antes de las 10hs.<br /> *Envíos gratis superando los $70.000 para el interior del país.<br /> *3 cuotas sin interés en todos los productos.<br /> *Cupones exclusivos con descuentos!";"proteina, tamano-506g";"";"";"Framingham Pharma";"SI";"";"";"";"7,909.00"
"animal-whey-universal-4-lb-proteina-isolada-choco-o-vainilla";"Animal Whey Universal 4 Lb Proteina Isolada Choco O Vainilla";"Marcas > Suplementos Importados > Universal, Suplementos > Proteínas";"Sabor";"Vainilla";"";"";"";"";"137,003.00";"130,152.00";"2.00";"0.00";"0.00";"0.00";"0";"UNIV0 ANIMAL PROTE 4LB VAINI";"";"SI";"NO";"*Envíos a todo el país.<br /> *15% de descuento abonando en efectivo / 5% de descuento abonando con transferencia.<br /> *Envíos gratis superando los $50.000 para CABA/GBA y entrega en el día comprando antes de las 10hs.<br /> *Envíos gratis superando los $70.000 para el interior del país.<br /> *3 cuotas sin interés en todos los productos.<br /> *Cupones exclusivos con descuentos!";"4 libras, animal, proteina, proteina isolada, sabor chocolate, sabor vainilla, sabor-vainilla, suplemento deportivo, tamano-1-82kg, universal, whey protein";"Proteína Animal Whey Universal 4 Lb - Choco o Vainilla";"Compra Proteína Animal Whey Universal 4 Lb con envío gratis y 15% descuento. Aprovechá 3 cuotas sin interés y cupones exclusivos. ¡Comprá ahora y mejorá tu nutrición!";"Universal Nutrition";"SI";"";"";"";"78,880.00"
"animal-whey-universal-4-lb-proteina-isolada-choco-o-vainilla";"";"";"Sabor";"Chocolate";"";"";"";"";"137,003.00";"130,152.00";"2.00";"0.00";"0.00";"0.00";"0";"UNIV0 ANIMAL PROTE 4LB CHOCO";"7792216653486";"";"";"";"proteina, sabor-chocolate, tamano-1-82kg";"";"";"";"";"";"";"";"78,880.00"
"proteina-en-polvo-2-2kg-universal-nutrition-ultra-whey-pro";"Proteína En Polvo 2.2kg Universal Nutrition Ultra Whey Pro";"Marcas > Suplementos Importados > Universal, Suplementos > Proteínas";"Sabor";"Helado de chocolate";"";"";"";"";"101,154.00";"96,096.00";"2.00";"0.00";"0.00";"0.00";"0";"UNIV0 PROTE 2,2KG CHOCO";"";"SI";"NO";"*Envíos a todo el país.<br /> *15% de descuento abonando en efectivo / 5% de descuento abonando con transferencia.<br /> *Envíos gratis superando los $50.000 para CABA/GBA y entrega en el día comprando antes de las 10hs.<br /> *Envíos gratis superando los $70.000 para el interior del país.<br /> *3 cuotas sin interés en todos los productos.<br /> *Cupones exclusivos con descuentos!";"proteina, sabor-chocolate, tamano-2kg";"";"";"Universal Nutrition";"SI";"";"";"";"58,240.00"
"proteina-en-polvo-2-2kg-universal-nutrition-ultra-whey-pro";"";"";"Sabor";"Vainilla ice cream";"";"";"";"";"101,154.00";"96,096.00";"2.00";"0.00";"0.00";"0.00";"0";"UNIV0 PROTE 2,2KG VAINI";"";"";"";"";"proteina, sabor-vainilla, tamano-2kg";"";"";"";"";"";"";"";"58,240.00"
"nitro-tech-whey-protein-muscletech-proteina-1-kilo";"Nitro Tech Whey Protein Muscletech Proteína 1 Kilo";"Marcas > Suplementos Importados > Muscletech, Suplementos > Proteínas";"Sabor";"Chocolate";"";"";"";"";"122,423.00";"116,301.00";"0.40";"0.00";"0.00";"0.00";"0";"MUSCLETECH0 NITRO WHEY 1KG CHOCO";"";"NO";"NO";"*Envíos a todo el país.<br /> *15% de descuento abonando en efectivo / 5% de descuento abonando con transferencia.<br /> *Envíos gratis superando los $50.000 para CABA/GBA y entrega en el día comprando antes de las 10hs.<br /> *Envíos gratis superando los $70.000 para el interior del país.<br /> *3 cuotas sin interés en todos los productos.<br /> *Cupones exclusivos con descuentos!";"proteina, sabor-chocolate";"";"";"Muscletech";"SI";"";"";"";"70,485.00"
"nitro-tech-whey-protein-muscletech-proteina-1-kilo";"";"";"Sabor";"Frutilla";"";"";"";"";"122,423.00";"116,301.00";"0.40";"0.00";"0.00";"0.00";"9";"MUSCLETECH0 NITRO WHEY 1KG FRUTI";"631656703269";"";"";"";"proteina, sabor-frutilla";"";"";"";"";"";"";"";"70,485.00"
"nitro-tech-whey-protein-muscletech-proteina-1-kilo";"";"";"Sabor";"Vainilla";"";"";"";"";"122,423.00";"116,301.00";"0.40";"0.00";"0.00";"0.00";"0";"MUSCLETECH0 NITRO WHEY 1KG VAINI";"";"";"";"";"proteina, sabor-vainilla";"";"";"";"";"";"";"";"70,485.00"
"nitro-tech-100-whey-gold-muscletech-proteina-2-lb-double-rich-chocolate";"Nitro Tech 100% Whey Gold Muscletech Proteína 2 Lb Double Rich Chocolate";"Marcas > Suplementos Importados > Muscletech, Suplementos > Proteínas";"Sabor";"Chocolate";"";"";"";"";"111,284.00";"105,719.00";"0.91";"0.00";"0.00";"0.00";"0";"MUSCLETECH0 NITRO WHEY GOLD 2LB CHOCO";"631656710458";"NO";"NO";"*Envíos a todo el país.<br /> *15% de descuento abonando en efectivo / 5% de descuento abonando con transferencia.<br /> *Envíos gratis superando los $50.000 para CABA/GBA y entrega en el día comprando antes de las 10hs.<br /> *Envíos gratis superando los $70.000 para el interior del país.<br /> *3 cuotas sin interés en todos los productos.<br /> *Cupones exclusivos con descuentos!";"proteina, sabor-chocolate, tamano-907g";"";"";"Muscletech";"SI";"";"";"";"64,072.00"
"nitro-tech-100-whey-gold-muscletech-proteina-2-lb-double-rich-chocolate";"";"";"Sabor";"Frutilla";"";"";"";"";"111,284.00";"105,719.00";"0.91";"0.00";"0.00";"0.00";"0";"MUSCLETECH0 NITRO WHEY GOLD 2LB FRUTI";"631656710465";"";"";"";"proteina, sabor-frutilla, tamano-907g";"";"";"";"";"";"";"";"64,072.00"
"nitro-tech-100-whey-gold-muscletech-proteina-2-lb-double-rich-chocolate";"";"";"Sabor";"Vainilla";"";"";"";"";"111,284.00";"105,719.00";"0.91";"0.00";"0.00";"0.00";"0";"MUSCLETECH0 NITRO WHEY GOLD 2LB FRUTI";"631656710472";"";"";"";"proteina, sabor-vainilla, tamano-907g";"";"";"";"";"";"";"";"64,072.00"
"vegetal-protein-isolate-2lbs-100-b12-gold-nutrition-vegan-sabor-coco";"Vegetal Protein Isolate 2lbs 100% B12 Gold Nutrition Vegan Sabor Coco";"Marcas > Suplementos Importados > Gold Nutrition, Suplementos > Proteínas";"";"";"";"";"";"";"36,014.00";"34,213.00";"0.40";"0.00";"0.00";"0.00";"148";"GOLDNU0 PROTE VEGAN COCO";"";"SI";"NO";"*Envíos a todo el país.<br /> *15% de descuento abonando en efectivo / 5% de descuento abonando con transferencia.<br /> *Envíos gratis superando los $50.000 para CABA/GBA y entrega en el día comprando antes de las 10hs.<br /> *Envíos gratis superando los $70.000 para el interior del país.<br /> *3 cuotas sin interés en todos los productos.<br /> *Cupones exclusivos con descuentos!";"b12, gold nutrition, proteina, proteina isolada, proteina vegetal, proteina-vegetal, sabor coco, sin tacc, tamano-907g, vegano";"Proteína Vegetal Isolate 2lbs B12 Vegan Sabor Coco";"Disfrutá de nuestra Proteína Vegetal Isolate 2lbs con B12, ideal para veganos. ¡Envíos a todo el país y descuentos exclusivos! ¡Comprá ahora y aprovecha nuestras ofertas!";"Gold Nutrition";"SI";"";"";"";"20,735.00"
"suplemento-en-polvo-protein-project-whey-protein-isolate-proteinas-sabor-chocolate-en-sachet-de-908g";"Suplemento En Polvo Protein Project Whey Protein Isolate Proteínas Sabor Chocolate En Sachet De 908g";"Marcas > Suplementos Nacionales Deportivos > Protein Project, Suplementos > Proteínas";"";"";"";"";"";"";"86,882.00";"82,537.00";"1.00";"0.00";"0.00";"0.00";"0";"PROJ0 DOY PROTE ISO CHOCO";"";"NO";"NO";"*Envíos a todo el país.<br /> *15% de descuento abonando en efectivo / 5% de descuento abonando con transferencia.<br /> *Envíos gratis superando los $50.000 para CABA/GBA y entrega en el día comprando antes de las 10hs.<br /> *Envíos gratis superando los $70.000 para el interior del país.<br /> *3 cuotas sin interés en todos los productos.<br /> *Cupones exclusivos con descuentos!";"proteina-isolate";"";"";"Protein Project";"SI";"";"";"";"50,022.00"
"pea-protein-isolate-908-gr-protein-project-proteina-vegana";"Pea Protein Isolate 908 Gr Protein Project - Proteina Vegana";"Marcas > Suplementos Nacionales Deportivos > Protein Project, Suplementos > Proteínas";"";"";"";"";"";"";"45,670.00";"43,386.00";"1.00";"0.00";"0.00";"0.00";"0";"PROJ0 PEA PROTE ISO";"";"NO";"NO";"*Envíos a todo el país.<br /> *15% de descuento abonando en efectivo / 5% de descuento abonando con transferencia.<br /> *Envíos gratis superando los $50.000 para CABA/GBA y entrega en el día comprando antes de las 10hs.<br /> *Envíos gratis superando los $70.000 para el interior del país.<br /> *3 cuotas sin interés en todos los productos.<br /> *Cupones exclusivos con descuentos!";"908g, isolate, pea protein, protein project, proteina, proteina isolada, proteina vegana, proteina-vegetal, suplementos deportivos, vegano";"Proteína Vegana Pea Protein Isolate 908g - Protein Project";"Descubre Pea Protein Isolate 908g de Protein Project. Proteína vegana pura, envío a todo el país, descuentos y cuotas sin interés. ¡Compra ahora y mejora tu nutrición!";"Protein Project";"SI";"";"";"";"24,368.00"
"protein-project-colageno-peptides-sabor-limon-de-908g";"Protein Project Colageno Peptides Sabor Limón De 908g";"Marcas > Suplementos Nacionales Deportivos > Protein Project, Suplementos > Proteínas, Suplementos > Vitaminas y Salud";"Sabor";"Limón";"";"";"";"";"54,711.00";"51,975.00";"1.00";"0.00";"0.00";"0.00";"0";"PROJ0 COLLAGEN PEPTIDOS LIMON";"";"NO";"NO";"*Envíos a todo el país.<br /> *15% de descuento abonando en efectivo / 5% de descuento abonando con transferencia.<br /> *Envíos gratis superando los $50.000 para CABA/GBA y entrega en el día comprando antes de las 10hs.<br /> *Envíos gratis superando los $70.000 para el interior del país.<br /> *3 cuotas sin interés en todos los productos.<br /> *Cupones exclusivos con descuentos!";"proteina, sabor-limon";"";"";"Protein Project";"SI";"";"";"";"27,636.00"
"whey-protein-concentrate-2lb-protein-project-sabor-chocolate1";"Whey Protein Concentrate 2lb Protein Project Sabor Chocolate";"Marcas > Suplementos Nacionales Deportivos > Protein Project, Suplementos > Proteínas";"Sabor";"Chocolate";"";"";"";"";"45,049.00";"42,796.00";"1.00";"0.00";"0.00";"0.00";"0";"PROJ0 POTE CONCENTRATE CHOCOLATE";"";"NO";"NO";"*Envíos a todo el país.<br /> *15% de descuento abonando en efectivo / 5% de descuento abonando con transferencia.<br /> *Envíos gratis superando los $50.000 para CABA/GBA y entrega en el día comprando antes de las 10hs.<br /> *Envíos gratis superando los $70.000 para el interior del país.<br /> *3 cuotas sin interés en todos los productos.<br /> *Cupones exclusivos con descuentos!";"proteina, sabor-chocolate, tamano-907g";"";"";"Protein Project";"SI";"";"";"";""
"collagen-peptides-protein-project-2lbs-colageno-hidrolizado-sabor-vainilla-caramel";"Collagen Peptides Protein Project 2lbs Colageno Hidrolizado Sabor Vainilla Caramel";"Marcas > Suplementos Nacionales Deportivos > Protein Project, Suplementos > Proteínas, Suplementos > Vitaminas y Salud";"";"";"";"";"";"";"51,798.00";"49,208.00";"1.00";"0.00";"0.00";"0.00";"0";"PROJ0 COLLAGEN PEPTIDOS VAINI";"";"NO";"NO";"*Envíos a todo el país.<br /> *15% de descuento abonando en efectivo / 5% de descuento abonando con transferencia.<br /> *Envíos gratis superando los $50.000 para CABA/GBA y entrega en el día comprando antes de las 10hs.<br /> *Envíos gratis superando los $70.000 para el interior del país.<br /> *3 cuotas sin interés en todos los productos.<br /> *Cupones exclusivos con descuentos!";"proteina, tamano-907g";"";"";"Protein Project";"SI";"";"";"";"27,636.00"
"plant-isolate-2lbs-protein-project";"Plant Isolate 2lbs Protein Project";"Marcas > Suplementos Nacionales Deportivos > Protein Project, Suplementos > Proteínas";"";"";"";"";"";"";"46,661.00";"44,328.00";"1.00";"0.00";"0.00";"0.00";"0";"PROJ0 Plant protein isolate vainilla";"";"NO";"NO";"*Envíos a todo el país.<br /> *15% de descuento abonando en efectivo / 5% de descuento abonando con transferencia.<br /> *Envíos gratis superando los $50.000 para CABA/GBA y entrega en el día comprando antes de las 10hs.<br /> *Envíos gratis superando los $70.000 para el interior del país.<br /> *3 cuotas sin interés en todos los productos.<br /> *Cupones exclusivos con descuentos!";"proteina-vegetal, tamano-907g";"";"";"Protein Project";"SI";"";"";"";""
"natural-whey-protein-project-concentrate-2lb-908grs-stevia-sabor-vainilla";"Natural Whey Protein Project Concentrate 2lb 908grs Stevia Sabor Vainilla";"Marcas > Suplementos Nacionales Deportivos > Protein Project, Suplementos > Proteínas";"";"";"";"";"";"";"48,696.00";"46,261.00";"1.00";"0.00";"0.00";"0.00";"0";"PROJ0 whey protein concentrate sachet Vainilla";"";"NO";"NO";"<p>*Env&iacute;os a todo el pa&iacute;s.<br />*15% de descuento abonando en efectivo / 5% de descuento abonando con transferencia.<br />*Env&iacute;os gratis superando los $50.000 para CABA/GBA y entrega en el d&iacute;a comprando antes de las 10hs.<br />*Env&iacute;os gratis superando los $70.000 para el interior del pa&iacute;s.<br />*3 cuotas sin inter&eacute;s en todos los productos.<br />*Cupones exclusivos con descuentos!</p>
<p>&nbsp;</p>
<p><strong>IMPORTANTE:&nbsp;</strong>Los productos de Natural Whey Suplementos no cuentan con la opci&oacute;n de retiro en tienda.</p>";"proteina, tamano-907g";"";"";"Protein Project";"SI";"";"";"";"9,360.00"
"proteina-project-907g-vegana-isolada-sin-tacc-chocolate";"Proteína Project 907g Vegana Isolada Sin Tacc Chocolate";"Marcas > Suplementos Nacionales Deportivos > Protein Project, Suplementos > Proteínas";"Sabor";"Chocolate";"";"";"";"";"43,124.00";"40,968.00";"1.00";"0.00";"0.00";"0.00";"0";"PROJ0 Plant protein isolate chocolate";"";"NO";"NO";"*Envíos a todo el país.<br /> *15% de descuento abonando en efectivo / 5% de descuento abonando con transferencia.<br /> *Envíos gratis superando los $50.000 para CABA/GBA y entrega en el día comprando antes de las 10hs.<br /> *Envíos gratis superando los $70.000 para el interior del país.<br /> *3 cuotas sin interés en todos los productos.<br /> *Cupones exclusivos con descuentos!";"proteina-vegetal, sabor-chocolate, sin-tacc";"";"";"Protein Project";"SI";"";"";"";""
"natural-whey-protein-project-concentrate-2lb-908grs-stevia-sabor-chocolate";"Natural Whey Protein Project Concentrate 2lb 908grs Stevia Sabor Chocolate";"Marcas > Suplementos Nacionales Deportivos > Protein Project, Suplementos > Proteínas";"";"";"";"";"";"";"48,952.00";"46,504.00";"1.00";"0.00";"0.00";"0.00";"0";"PROJ0 DOY PROTE CONCENTRATE CHOCO";"";"NO";"NO";"<p>*Env&iacute;os a todo el pa&iacute;s.<br />*15% de descuento abonando en efectivo / 5% de descuento abonando con transferencia.<br />*Env&iacute;os gratis superando los $50.000 para CABA/GBA y entrega en el d&iacute;a comprando antes de las 10hs.<br />*Env&iacute;os gratis superando los $70.000 para el interior del pa&iacute;s.<br />*3 cuotas sin inter&eacute;s en todos los productos.<br />*Cupones exclusivos con descuentos!</p>
<p>&nbsp;</p>
<p><strong>IMPORTANTE:&nbsp;</strong>Los productos de Natural Whey Suplementos no cuentan con la opci&oacute;n de retiro en tienda.</p>";"proteina, tamano-907g";"";"";"Protein Project";"SI";"";"";"";"28,184.00"
"whey-protein-concentrate-2lb-protein-project-sabor-vainilla";"Whey Protein Concentrate 2lb Protein Project Sabor Vainilla";"Marcas > Suplementos Nacionales Deportivos > Protein Project, Suplementos > Proteínas";"Sabor";"Vainilla";"";"";"";"";"45,049.00";"42,796.00";"1.00";"0.00";"0.00";"0.00";"0";"PROJ0 POTE CONCENTRATE VAINILLA";"";"NO";"NO";"*Envíos a todo el país.<br /> *15% de descuento abonando en efectivo / 5% de descuento abonando con transferencia.<br /> *Envíos gratis superando los $50.000 para CABA/GBA y entrega en el día comprando antes de las 10hs.<br /> *Envíos gratis superando los $70.000 para el interior del país.<br /> *3 cuotas sin interés en todos los productos.<br /> *Cupones exclusivos con descuentos!";"proteina, sabor-vainilla, tamano-907g";"";"";"Protein Project";"SI";"";"";"";""
"animal-whey-universal-2-libras-proteina-isolada-concentrada";"Animal Whey Universal 2 Libras Proteina Isolada Concentrada";"Marcas > Suplementos Importados > Universal, Suplementos > Proteínas";"Sabor";"Chocolate";"";"";"";"";"77,065.00";"73,211.00";"1.00";"0.00";"0.00";"0.00";"0";"UNIV0 ANIMAL PROTE 2L VAINI";"7792216653486";"SI";"NO";"<h2>Animal Whey Universal 2 Libras Proteína Isolada y Concentrada</h2>
<p><strong>Animal Whey Universal</strong> es una proteína de suero de alta calidad, especialmente diseñada para quienes buscan potenciar el crecimiento muscular y acelerar la recuperación tras el entrenamiento. Disponible en deliciosos sabores <strong>Chocolate</strong> y <strong>Vainilla</strong>, esta fórmula combina proteína aislada y concentrada para una óptima absorción y resultados efectivos.</p>

<h3><strong>Beneficios Principales</strong></h3>
<ul>
<li><strong>Estimula el crecimiento muscular</strong>: Aporta proteínas de alto valor biológico esenciales para el desarrollo y la reparación muscular.</li>
<li><strong>Favorece la recuperación</strong>: Ayuda a restaurar los músculos después de ejercicios intensos, reduciendo el tiempo de recuperación.</li>
<li><strong>Rápida absorción</strong>: Gracias a la combinación de proteína aislada y concentrada, tus músculos reciben los nutrientes rápidamente.</li>
<li><strong>Aporta saciedad</strong>: Ideal para complementar dietas de definición o aumento de masa magra.</li>
</ul>

<h3><strong>Ingredientes Clave</strong></h3>
<ul>
<li><strong>Proteína de Suero Concentrada</strong></li>
<li><strong>Proteína de Suero Aislada</strong></li>
<li>Saborizantes naturales y artificiales (Chocolate o Vainilla)</li>
<li>Edulcorante</li>
</ul>

<h3><strong>Modo de Uso</strong></h3>
<ol>
<li>Mezclar una porción (aprox. 30g) con 200-250 ml de agua o leche descremada.</li>
<li>Consumir preferentemente <strong>después del entrenamiento</strong> o entre comidas, según las necesidades nutricionales.</li>
</ol>

<h3><strong>Características Especiales</strong></h3>
<ul>
<li><strong>Fácil disolución:</strong> Se mezcla fácilmente, sin grumos.</li>
<li><strong>Versátil:</strong> Ideal para batidos, smoothies y recetas fitness.</li>
<li><em>Apto para quienes buscan mejorar el rendimiento físico y la composición corporal.</em></li>
</ul>

<h3><strong>Perfil Nutricional (por porción de 30g)</strong></h3>
<ul>
<li><strong>Proteínas:</strong> 24-25g</li>
<li><strong>Carbohidratos:</strong> Bajo contenido</li>
<li><strong>Grasas:</strong> Mínimas</li>
<li><strong>Calorías:</strong> Aproximadamente 120 kcal</li>
</ul>

<h3><strong>Sabor y Presentación</strong></h3>
<ul>
<li><strong>Sabores:</strong> Chocolate o Vainilla</li>
<li><strong>Presentación:</strong> Pote de 2 libras (907g), rinde aproximadamente 30 porciones.</li>
</ul>

<h3><strong>Advertencias y Precauciones</strong></h3>
<ul>
<li>No exceder la dosis recomendada.</li>
<li>Consultar con un profesional de la salud si está embarazada, en período de lactancia o si padece alguna condición médica.</li>
<li>Mantener fuera del alcance de los niños.</li>
<li>Almacenar en lugar fresco y seco, lejos de la luz solar directa.</li>
<li><strong>Contiene derivados de leche.</strong></li>
</ul>

<p><em>Optá por Animal Whey Universal y llevá tu entrenamiento al siguiente nivel con una proteína pura, deliciosa y efectiva.</em></p>";"2 libras, animal, proteina, proteina concentrada, proteina isolada, sabor-chocolate, universal, whey protein";"Proteína Animal Whey Universal 2L - Isolada y Concentrada";"Compra Proteína Animal Whey Universal 2 Libras. Envíos a todo el país. 15% off en efectivo. Envíos gratis CABA/GBA desde $50.000. 3 cuotas sin interés. ¡Descuentos exclusivos!";"Universal Nutrition";"SI";"";"";"";"44,370.00"
"animal-whey-universal-2-libras-proteina-isolada-concentrada";"";"";"Sabor";"Vainilla";"";"";"";"";"77,065.00";"73,211.00";"1.00";"0.00";"0.00";"0.00";"0";"UNIV0 ANIMAL PROTE 2L VAINI";"7792216653486";"";"";"";"proteina, sabor-vainilla";"";"";"";"";"";"";"";"44,370.00"
"just-plant-protein-star-nutrition-vegana-x-2-lb-sabor-sin-sabor";"Just Plant Protein Star Nutrition Vegana X 2 Lb Sabor Sin Sabor";"Marcas > Suplementos Nacionales Deportivos > Star Nutrition, Suplementos > Proteínas";"";"";"";"";"";"";"45,745.00";"43,457.00";"0.90";"0.00";"0.00";"0.00";"0";"STARNU0 JUST PLANT";"617395130252";"SI";"NO";"<p><strong>Beneficios principales:</strong></p>
<ol>
<li><strong>Fuente de prote&iacute;nas vegetales:</strong> Just Plant Protein proporciona una fuente de prote&iacute;nas de origen vegetal, ideal para aquellos que siguen dietas veganas o vegetarianas.</li>
<li><strong>Desarrollo muscular:</strong> Las prote&iacute;nas son esenciales para el crecimiento y la reparaci&oacute;n muscular, lo que es beneficioso para atletas y personas activas.</li>
<li><strong>Salud general:</strong> Las prote&iacute;nas vegetales pueden contribuir a una dieta equilibrada y promover la salud general del cuerpo.</li>
</ol>
<p><strong>Ingredientes clave:</strong></p>
<ul>
<li><strong>Arveja:</strong> Prote&iacute;na de arveja de alta calidad, una excelente fuente de amino&aacute;cidos esenciales para el crecimiento muscular y la recuperaci&oacute;n.</li>
</ul>
<p><strong>Modo de uso:</strong> Mezclar 1 medida (aproximadamente 30 g) de polvo con agua, leche vegetal o tu bebida favorita. Agitar o mezclar hasta que est&eacute; completamente disuelto. Consumir despu&eacute;s del entrenamiento o como parte de tus comidas para aumentar la ingesta de prote&iacute;nas.</p>
<p><strong>Caracter&iacute;sticas especiales:</strong></p>
<ul>
<li><strong>Vegana:</strong> Formulada exclusivamente con ingredientes de origen vegetal, sin productos de origen animal, ideal para personas veganas o vegetarianas.</li>
<li><strong>Sabor Sin Sabor:</strong> Vers&aacute;til para combinar con otros ingredientes en batidos, smoothies, o recetas dulces y saladas.</li>
<li><strong>Formato Doypack:</strong> Pr&aacute;ctico envase que facilita el almacenamiento y la dosificaci&oacute;n del producto.</li>
</ul>
<p><strong>Perfil nutricional (por porci&oacute;n de 30 g):</strong></p>
<ul>
<li>Calor&iacute;as: 122 kcal</li>
<li>Proteinas: 24 g</li>
<li>Carbohidratos: 1 g</li>
<li>Az&uacute;cares: 0 g</li>
<li>Grasas totales: 2,4 g</li>
<li>Saturadas: 0 g</li>
<li>Trans: 0 g</li>
<li>Fibra: 150 mg</li>
<li>Sodio: 110 mg</li>
</ul>
<p><strong>Sabor y presentaci&oacute;n:</strong></p>
<ul>
<li>Sabor: Sin Sabor</li>
<li>Envase: Doypack de 1 kg (1000 mL)</li>
</ul>
<p><strong>Advertencias y precauciones:</strong></p>
<ul>
<li>Mantener fuera del alcance de los ni&ntilde;os.</li>
<li>No superar la dosis diaria recomendada.</li>
<li>Consultar con un profesional de la salud antes de comenzar cualquier programa de suplementaci&oacute;n, especialmente si est&aacute;s embarazada, amamantando, tienes alguna condici&oacute;n m&eacute;dica o est&aacute;s tomando medicamentos.</li>
</ul>";"Batidos de proteinas, Dieta saludable, Entrenamiento fisico, Ingredientes naturales, Just Plant Protein, Nutricion deportiva, Proteina sin sabor, Proteina vegana, proteina-vegetal, Star Nutrition, Suplemento dietetico, tamano-907g";"Just Plant Protein Star Nutrition 2 lb - Sin Sabor";"Aumenta tu ingesta de proteínas con Just Plant Protein de Star Nutrition. Vegana y sin sabor, perfecta para batidos personalizados que complementan tu dieta y entrenamiento.";"Star Nutrition";"SI";"";"";"";"26,337.00"
"just-whey-protein-x-2lbs-sin-sabor-star-nutrition-sabor-neutro";"Just Whey Protein X 2lbs Sin Sabor - Star Nutrition Sabor Neutro";"Marcas > Suplementos Nacionales Deportivos > Star Nutrition, Suplementos > Proteínas";"Sabor";"Neutro";"";"";"";"";"66,670.00";"63,336.00";"0.90";"0.00";"0.00";"0.00";"0";"STARNU0 JUST WHEY 2LB SIN SABOR";"617395130023";"SI";"NO";"<p><strong>Beneficios principales:</strong></p>
<ol>
<li><strong>Recuperaci&oacute;n muscular:</strong> Just Whey Protein X proporciona una dosis concentrada de prote&iacute;na de suero de leche, que es crucial para la reparaci&oacute;n y el crecimiento muscular despu&eacute;s del ejercicio.</li>
<li><strong>Apoyo a la s&iacute;ntesis de prote&iacute;nas:</strong> Con su alto contenido de amino&aacute;cidos esenciales, este suplemento puede ayudar a promover la s&iacute;ntesis de prote&iacute;nas musculares, lo que contribuye al desarrollo de masa muscular magra.</li>
<li><strong>Versatilidad:</strong> Al ser sin sabor, este producto se puede mezclar f&aacute;cilmente con otros ingredientes para crear batidos personalizados o agregar prote&iacute;na a tus comidas y bebidas favoritas sin alterar su sabor.</li>
</ol>
<p><strong>Ingredientes clave:</strong></p>
<ul>
<li><strong>Prote&iacute;na de suero de leche:</strong> Una de las fuentes de prote&iacute;na de mayor calidad, rica en amino&aacute;cidos esenciales necesarios para el crecimiento y la recuperaci&oacute;n muscular.</li>
<li><strong>Sodio:</strong> Ayuda a mantener el equilibrio de l&iacute;quidos en el cuerpo y es esencial para la contracci&oacute;n muscular y la transmisi&oacute;n de impulsos nerviosos.</li>
</ul>
<p><strong>Modo de uso:</strong> Mezcla 1 medida (aproximadamente 30 g) de Just Whey Protein X con agua, leche o tu bebida favorita despu&eacute;s del entrenamiento, o en cualquier momento del d&iacute;a para aumentar tu ingesta de prote&iacute;nas. Tambi&eacute;n puedes incorporarlo a tus recetas de cocina para aumentar el contenido proteico de tus comidas.</p>
<p><strong>Caracter&iacute;sticas especiales:</strong></p>
<ul>
<li><strong>Sin sabor:</strong> Ideal para aquellos que prefieren controlar el sabor de sus batidos o desean agregar prote&iacute;na a sus recetas sin cambiar el sabor original.</li>
<li><strong>Bolsa pr&aacute;ctica:</strong> Viene en una bolsa de 2 libras (908 g), lo que facilita su almacenamiento y transporte.</li>
</ul>
<p><strong>Perfil nutricional (por porci&oacute;n de 30 g):</strong></p>
<ul>
<li>Calor&iacute;as: 120 kcal</li>
<li>Prote&iacute;nas: 24 g</li>
<li>Carbohidratos: 2 g</li>
<li>Grasas: 1.5 g</li>
<li>Sodio: 30 mg</li>
</ul>
<p><strong>Sabor y presentaci&oacute;n:</strong></p>
<ul>
<li>Sin sabor: Perfecto para mezclar con tus sabores favoritos en batidos o recetas.</li>
<li>Presentaci&oacute;n en bolsa de 2 libras (908 g).</li>
</ul>
<p><strong>Advertencias y precauciones:</strong></p>
<ul>
<li>No exceder la dosis diaria recomendada.</li>
<li>No debe utilizarse como sustituto de una dieta equilibrada.</li>
<li>Mantener fuera del alcance de los ni&ntilde;os.</li>
<li>Consulta a un profesional de la salud antes de comenzar cualquier r&eacute;gimen de suplementos, especialmente si est&aacute;s embarazada, amamantando o tienes alguna condici&oacute;n m&eacute;dica preexistente.</li>
</ul>";"Batido proteico, Construccion muscular, Entrenamiento fisico, Just Whey Protein, Nutricion deportiva, proteina, Proteina sin sabor, sabor-neutro, Salud y bienestar, Star Nutrition, Suplemento dietetico, Suplemento fitness, tamano-907g";"Just Whey Protein 2lbs Sin Sabor - Star Nutrition";"Just Whey Protein de Star Nutrition ofrece la pureza de la proteína sin saborizantes. Ideal para personalizar tu batido proteico y adaptarlo a tus necesidades y preferencias dietéticas.";"Star Nutrition";"SI";"";"";"";"38,385.00"
"suplemento-en-polvo-star-nutrition-platinum-whey-isolate-proteinas-sabor-vainilla-cream-en-pote-de-907g";"Suplemento En Polvo Star Nutrition Platinum Whey Isolate Proteínas Sabor Vainilla Cream En Pote De 907g";"Marcas > Suplementos Nacionales Deportivos > Star Nutrition, Suplementos > Proteínas";"Sabor";"Vainilla Cream";"";"";"";"";"115,684.00";"109,899.00";"0.90";"0.00";"0.00";"0.00";"0";"STARNU0 907ISO VAINI";"";"SI";"NO";"<p><strong>Beneficios Principales</strong>:</p>
<ul>
<li>Promueve el crecimiento muscular magro.</li>
<li>Ayuda a la recuperaci&oacute;n muscular despu&eacute;s del ejercicio.</li>
<li>Favorece la s&iacute;ntesis de prote&iacute;nas.</li>
<li>Bajo contenido de carbohidratos y grasas.</li>
</ul>
<p><strong>Ingredientes Clave</strong>:</p>
<ul>
<li>Aislado de prote&iacute;na de suero de leche (Whey Isolate).</li>
<li>Mezcla de amino&aacute;cidos esenciales y ramificados (BCAA).</li>
</ul>
<p><strong>Modo de Uso</strong>:</p>
<ul>
<li>Mezclar una porci&oacute;n (aproximadamente 30g) con 200-250 ml de agua, leche o tu bebida favorita.</li>
<li>Consumir una o dos veces al d&iacute;a, preferiblemente despu&eacute;s del entrenamiento y/o entre comidas.</li>
</ul>
<p><strong>Caracter&iacute;sticas Especiales</strong>:</p>
<ul>
<li><strong>Aislado de Prote&iacute;na de Suero</strong>: Alta pureza y r&aacute;pida absorci&oacute;n para una entrega &oacute;ptima de nutrientes a los m&uacute;sculos.</li>
<li><strong>Sabor Vainilla Cream</strong>: Delicioso sabor a vainilla cream que hace que cada batido sea una experiencia placentera.</li>
<li><strong>Bajo en Carbohidratos y Grasas</strong>: Ideal para aquellos que buscan controlar su ingesta de calor&iacute;as mientras obtienen los beneficios de la prote&iacute;na.</li>
</ul>
<p><strong>Perfil Nutricional</strong>&nbsp;(por porci&oacute;n de 30g):</p>
<ul>
<li>Calor&iacute;as: 108</li>
<li>Prote&iacute;nas: 27g</li>
<li>Carbohidratos: 1g</li>
<li>Grasas: 1g</li>
<li>Az&uacute;cares: 0g</li>
</ul>
<p><strong>Sabor y Presentaci&oacute;n</strong>:</p>
<ul>
<li><strong>Sabor</strong>: Vainilla Cream.</li>
<li><strong>Presentaci&oacute;n</strong>: Pote de 907g, aproximadamente 30 porciones por envase.</li>
</ul>
<p><strong>Advertencias y Precauciones</strong>:</p>
<ul>
<li>No exceder la dosis recomendada.</li>
<li>Consultar a un m&eacute;dico antes de usar si est&aacute; embarazada, en periodo de lactancia o tiene alguna condici&oacute;n m&eacute;dica preexistente.</li>
<li>Mantener fuera del alcance de los ni&ntilde;os.</li>
<li>Almacenar en un lugar fresco y seco, alejado de la luz solar directa.</li>
</ul>";"Aumento de masa muscular, Crecimiento muscular, Proteina, Proteina aislada, Proteina baja en carbohidratos, Proteina de alta calidad, Proteina de suero, Proteina en polvo, Proteina para atletas, proteina-isolate, Recuperacion muscular, sabor-vainilla, Suplemento Deportivo, Suplemento fitness, Suplemento gimnasio, Suplemento para culturismo, Suplemento post-entreno, Whey Isolate";"Whey Isolate Proteína en Polvo - Alta Calidad y Máxima Pureza";"Mejora tu rendimiento y recuperación con Whey Isolate, la proteína en polvo de máxima pureza y rápida absorción. Ideal para aumentar la masa muscular y acelerar la recuperación. Perfecta para atletas y entusiastas del fitness que buscan una proteína de suero aislada de alta calidad. ¡Potencia tus entrenamientos";"Star Nutrition";"SI";"";"";"";"66,605.00"
"suplemento-en-polvo-star-nutrition-platinum-whey-isolate-proteinas-sabor-chocolate-suizo-en-pote-de-907g";"Suplemento En Polvo Star Nutrition Platinum Whey Isolate Proteínas Sabor Chocolate Suizo En Pote De 907g";"Marcas > Suplementos Nacionales Deportivos > Star Nutrition, Suplementos > Proteínas";"Sabor";"Chocolate Suizo";"";"";"";"";"115,684.00";"109,899.00";"0.90";"0.00";"0.00";"0.00";"0";"STARNU0 907ISO CHOCO";"";"SI";"NO";"<p><strong>Beneficios Principales</strong>:</p>
<ul>
<li>Promueve el crecimiento muscular magro.</li>
<li>Ayuda a la recuperaci&oacute;n muscular despu&eacute;s del ejercicio.</li>
<li>Favorece la s&iacute;ntesis de prote&iacute;nas.</li>
<li>Bajo contenido de carbohidratos y grasas.</li>
</ul>
<p><strong>Ingredientes Clave</strong>:</p>
<ul>
<li>Aislado de prote&iacute;na de suero de leche (Whey Isolate).</li>
<li>Mezcla de amino&aacute;cidos esenciales y ramificados (BCAA).</li>
</ul>
<p><strong>Modo de Uso</strong>:</p>
<ul>
<li>Mezclar una porci&oacute;n (aproximadamente 30g) con 200-250 ml de agua, leche o tu bebida favorita.</li>
<li>Consumir una o dos veces al d&iacute;a, preferiblemente despu&eacute;s del entrenamiento y/o entre comidas.</li>
</ul>
<p><strong>Caracter&iacute;sticas Especiales</strong>:</p>
<ul>
<li><strong>Aislado de Prote&iacute;na de Suero</strong>: Alta pureza y r&aacute;pida absorci&oacute;n para una entrega &oacute;ptima de nutrientes a los m&uacute;sculos.</li>
<li><strong>Sabor Chocolate Suizo</strong>: Delicioso sabor a chocolate suizo que hace que cada batido sea una experiencia placentera.</li>
<li><strong>Bajo en Carbohidratos y Grasas</strong>: Ideal para aquellos que buscan controlar su ingesta de calor&iacute;as mientras obtienen los beneficios de la prote&iacute;na.</li>
</ul>
<p><strong>Perfil Nutricional</strong> (por porci&oacute;n de 30g):</p>
<ul>
<li>Calor&iacute;as: 108</li>
<li>Prote&iacute;nas: 27g</li>
<li>Carbohidratos: 1g</li>
<li>Grasas: 1g</li>
<li>Az&uacute;cares: 0g</li>
</ul>
<p><strong>Sabor y Presentaci&oacute;n</strong>:</p>
<ul>
<li><strong>Sabor</strong>: Chocolate Suizo.</li>
<li><strong>Presentaci&oacute;n</strong>: Pote de 907g, aproximadamente 30 porciones por envase.</li>
</ul>
<p><strong>Advertencias y Precauciones</strong>:</p>
<ul>
<li>No exceder la dosis recomendada.</li>
<li>Consultar a un m&eacute;dico antes de usar si est&aacute; embarazada, en periodo de lactancia o tiene alguna condici&oacute;n m&eacute;dica preexistente.</li>
<li>Mantener fuera del alcance de los ni&ntilde;os.</li>
<li>Almacenar en un lugar fresco y seco, alejado de la luz solar directa.</li>
</ul>";"Aumento de masa muscular, Crecimiento muscular, Proteina, Proteina aislada, Proteina baja en carbohidratos, Proteina de alta calidad, Proteina de suero, Proteina en polvo, Proteina para atletas, proteina-isolate, Recuperacion muscular, sabor-chocolate, Suplemento Deportivo, Suplemento fitness, Suplemento gimnasio, Suplemento para culturismo, Suplemento post-entreno, Whey Isolate";"Whey Isolate Proteína en Polvo - Alta Calidad y Máxima Pureza";"Mejora tu rendimiento y recuperación con Whey Isolate, la proteína en polvo de máxima pureza y rápida absorción. Ideal para aumentar la masa muscular y acelerar la recuperación. Perfecta para atletas y entusiastas del fitness que buscan una proteína de suero aislada de alta calidad. ¡Potencia tus entrenamientos";"Star Nutrition";"SI";"";"";"";"66,605.00"
"suplemento-en-polvo-optimum-nutrition-proteina-gold-standard-100-whey-en-bolsa-de-4-54kg";"Suplemento En Polvo Optimum Nutrition Proteína Gold Standard 100% Whey En Bolsa De 4.54kg";"Marcas > Suplementos Importados > Optimum, Suplementos > Proteínas";"Sabor";"Extreme Milk Chocolate";"";"";"";"";"478,153.00";"454,245.00";"4.53";"0.00";"0.00";"0.00";"0";"OPTIM0 BOLSON 4.5KG CHOCO";"";"SI";"NO";"*Envíos a todo el país.<br /> *15% de descuento abonando en efectivo / 5% de descuento abonando con transferencia.<br /> *Envíos gratis superando los $50.000 para CABA/GBA y entrega en el día comprando antes de las 10hs.<br /> *Envíos gratis superando los $70.000 para el interior del país.<br /> *3 cuotas sin interés en todos los productos.<br /> *Cupones exclusivos con descuentos!";"proteina, sabor-chocolate";"";"";"Optimum";"SI";"";"";"";"275,300.00"
"suplemento-en-polvo-optimum-nutrition-proteina-gold-standard-100-whey-en-bolsa-de-4-54kg";"";"";"Sabor";"Delicious Strawberry";"";"";"";"";"478,153.00";"454,245.00";"4.53";"0.00";"0.00";"0.00";"0";"OPTIM0 BOLSON 4.5KG FRUTI";"";"";"";"";"proteina, sabor-frutilla";"";"";"";"";"";"";"";"275,300.00"
"suplemento-en-polvo-optimum-nutrition-proteina-gold-standard-100-whey-en-bolsa-de-4-54kg";"";"";"Sabor";"Vanilla Ice Cream";"";"";"";"";"478,153.00";"454,245.00";"4.53";"0.00";"0.00";"0.00";"0";"OPTIM0 BOLSON 4.5KG VAINI";"";"";"";"";"proteina, sabor-vainilla";"";"";"";"";"";"";"";"275,300.00"
"suplemento-en-polvo-bsn-syntha-6-isolate-proteina-en-pote-de-907g";"Suplemento En Polvo Bsn Syntha-6 Isolate Proteína En Pote De 907g";"Marcas > Suplementos Importados > BSN, Suplementos > Proteínas";"Sabor";"Chocolate";"";"";"";"";"145,483.00";"138,208.00";"1.00";"0.00";"0.00";"0.00";"0";"BSN0 SYNTHA ISO 907G CHOCO";"";"SI";"NO";"*Envíos a todo el país.<br /> *15% de descuento abonando en efectivo / 5% de descuento abonando con transferencia.<br /> *Envíos gratis superando los $50.000 para CABA/GBA y entrega en el día comprando antes de las 10hs.<br /> *Envíos gratis superando los $70.000 para el interior del país.<br /> *3 cuotas sin interés en todos los productos.<br /> *Cupones exclusivos con descuentos!";"Proteina, proteina-isolate, sabor-chocolate";"Proteína ";"";"Bsn";"SI";"";"";"";"83,762.00"
"suplemento-en-polvo-bsn-syntha-6-isolate-proteina-en-pote-de-907g";"";"";"Sabor";"Frutilla";"";"";"";"";"145,483.00";"138,208.00";"1.00";"0.00";"0.00";"0.00";"0";"BSN0 SYNTHA ISO 907G FRUTI";"";"";"";"";"proteina-isolate, sabor-frutilla";"";"";"";"";"";"";"";"83,762.00"
"suplemento-en-polvo-bsn-syntha-6-isolate-proteina-en-pote-de-907g";"";"";"Sabor";"Vanilla Ice Cream";"";"";"";"";"145,483.00";"138,208.00";"1.00";"0.00";"0.00";"0.00";"0";"BSN0 SYNTHA ISO 907G VAINI";"";"";"";"";"proteina-isolate, sabor-vainilla";"";"";"";"";"";"";"";"83,762.00"
"suplemento-en-polvo-bsn-ultra-premium-protein-matrix-syntha-6-proteina-en-pote-de-2-27kg";"Suplemento En Polvo Bsn Ultra Premium Protein Matrix Syntha-6 Proteína En Pote De 2.27kg";"Marcas > Suplementos Importados > BSN, Suplementos > Proteínas";"Sabor";"Chocolate Milkshake";"";"";"";"";"170,234.00";"161,722.00";"2.27";"0.00";"0.00";"0.00";"0";"BSN0 SYNTHA6. 2.27KG CHOCO";"834266007202";"SI";"NO";"*Envíos a todo el país.<br /> *15% de descuento abonando en efectivo / 5% de descuento abonando con transferencia.<br /> *Envíos gratis superando los $50.000 para CABA/GBA y entrega en el día comprando antes de las 10hs.<br /> *Envíos gratis superando los $70.000 para el interior del país.<br /> *3 cuotas sin interés en todos los productos.<br /> *Cupones exclusivos con descuentos!";"proteina, sabor-chocolate";"Proteina";"";"Bsn";"SI";"";"";"";"98,013.00"
"suplemento-en-polvo-bsn-ultra-premium-protein-matrix-syntha-6-proteina-en-pote-de-2-27kg";"";"";"Sabor";"Cookies & Cream";"";"";"";"";"170,234.00";"161,722.00";"2.27";"0.00";"0.00";"0.00";"0";"BSN0 SYNTHA6. 2.27KG COOK";"";"";"";"";"proteina, sabor-cookies-cream";"";"";"";"";"";"";"";"98,013.00"
"suplemento-en-polvo-bsn-ultra-premium-protein-matrix-syntha-6-proteina-en-pote-de-2-27kg";"";"";"Sabor";"Frutilla";"";"";"";"";"170,234.00";"161,722.00";"2.27";"0.00";"0.00";"0.00";"0";"BSN0 SYNTHA6. 2.27KG FRUTI";"";"";"";"";"proteina, sabor-frutilla";"";"";"";"";"";"";"";"98,013.00"
"suplemento-en-polvo-bsn-ultra-premium-protein-matrix-syntha-6-proteina-en-pote-de-2-27kg";"";"";"Sabor";"Vainilla";"";"";"";"";"170,234.00";"161,722.00";"2.27";"0.00";"0.00";"0.00";"0";"BSN0 SYNTHA6. 2.27KG VAINI";"834266007103";"";"";"";"proteina, sabor-vainilla";"";"";"";"";"";"";"";"98,013.00"
"suplemento-en-polvo-mervicklab-whey-protein-proteinas-sabor-vainilla-en-pote-de-1kg";"Suplemento En Polvo Mervicklab Whey Protein Proteínas Sabor Vainilla En Pote De 1kg";"Marcas > Suplementos Nacionales Deportivos > Mervick, Suplementos > Proteínas";"Sabor";"Vainilla";"";"";"";"";"59,956.00";"56,958.00";"1.00";"0.00";"0.00";"0.00";"19";"MERV0 POTE 1KG VAINI";"7798115261173";"SI";"NO";"*Envíos a todo el país.<br /> *15% de descuento abonando en efectivo / 5% de descuento abonando con transferencia.<br /> *Envíos gratis superando los $50.000 para CABA/GBA y entrega en el día comprando antes de las 10hs.<br /> *Envíos gratis superando los $70.000 para el interior del país.<br /> *3 cuotas sin interés en todos los productos.<br /> *Cupones exclusivos con descuentos!";"1 kg, Aminoacidos, BCAA, l-glutamina, mervick, proteina, proteinas, sabor vainilla, sabor-vainilla, suplemento deportivo, tamano-1kg, whey protein";"Suplemento Whey Protein Mervicklab Vainilla 1kg";"Disfrutá del sabor a vainilla con el Suplemento Whey Protein Mervicklab en pote de 1kg. ¡Envíos gratis y descuentos exclusivos! Comprá ahora y mejora tu nutrición.";"Mervick";"SI";"";"";"";"34,520.00"
"suplemento-en-polvo-mervicklab-whey-protein-proteinas-sabor-chocolate-en-pote-de-1kg";"Suplemento En Polvo Mervicklab Whey Protein Proteínas Sabor Chocolate En Pote De 1kg";"Marcas > Suplementos Nacionales Deportivos > Mervick, Suplementos > Proteínas";"Sabor";"Chocolate";"";"";"";"";"59,956.00";"56,958.00";"1.00";"0.00";"0.00";"0.00";"25";"MERV0 POTE 1KG CHOCO";"7798115261166";"SI";"NO";"*Envíos a todo el país.<br /> *15% de descuento abonando en efectivo / 5% de descuento abonando con transferencia.<br /> *Envíos gratis superando los $50.000 para CABA/GBA y entrega en el día comprando antes de las 10hs.<br /> *Envíos gratis superando los $70.000 para el interior del país.<br /> *3 cuotas sin interés en todos los productos.<br /> *Cupones exclusivos con descuentos!";"1kg, Aminoacidos, aminoacidos esenciales, BCAA, l-glutamina, mervick, proteina, sabor chocolate, sabor-chocolate, suplemento deportivo, tamano-1kg, whey protein";"Suplemento Whey Protein Chocolate 1kg - Mervicklab";"Descubre el Suplemento Whey Protein Chocolate 1kg de Mervicklab. Potencia tu entrenamiento con proteínas de alta calidad. ¡Compra ahora y aprovecha nuestros descuentos y envíos gratis!";"Mervick";"SI";"";"";"";"34,520.00"
"suplemento-en-polvo-mervicklab-whey-protein-proteinas-sabor-frutilla-en-pote-de-1kg";"Suplemento En Polvo Mervicklab Whey Protein Proteínas Sabor Frutilla En Pote De 1kg";"Marcas > Suplementos Nacionales Deportivos > Mervick, Suplementos > Proteínas";"Sabor";"Frutilla";"";"";"";"";"59,956.00";"56,958.00";"1.00";"0.00";"0.00";"0.00";"27";"MERV0 POTE 1KG FRUTI";"7798115261180";"SI";"NO";"*Envíos a todo el país.<br /> *15% de descuento abonando en efectivo / 5% de descuento abonando con transferencia.<br /> *Envíos gratis superando los $50.000 para CABA/GBA y entrega en el día comprando antes de las 10hs.<br /> *Envíos gratis superando los $70.000 para el interior del país.<br /> *3 cuotas sin interés en todos los productos.<br /> *Cupones exclusivos con descuentos!";"proteina, sabor-frutilla, tamano-1kg";"";"";"Mervick";"SI";"";"";"";"34,520.00"
"suplemento-en-polvo-ena-sport-true-made-proteinas-sabor-double-rich-chocolate-en-sachet-de-453g";"Suplemento En Polvo Ena Sport True Made Proteínas Sabor Double Rich Chocolate En Sachet De 453g";"Marcas > Suplementos Nacionales Deportivos > Ena, Suplementos > Proteínas";"Sabor";"Double Rich Chocolate";"";"";"";"";"49,412.00";"46,941.00";"0.50";"0.00";"0.00";"0.00";"328";"ENA0 TRUEMADE 453G CHOCO";"7792216653486";"SI";"NO";"*Envíos a todo el país.<br /> *15% de descuento abonando en efectivo / 5% de descuento abonando con transferencia.<br /> *Envíos gratis superando los $50.000 para CABA/GBA y entrega en el día comprando antes de las 10hs.<br /> *Envíos gratis superando los $70.000 para el interior del país.<br /> *3 cuotas sin interés en todos los productos.<br /> *Cupones exclusivos con descuentos!";"proteina, sabor-chocolate, tamano-454g";"";"";"Ena";"SI";"";"";"";"15,466.00"
"suplemento-en-polvo-ena-sport-true-made-proteinas-sabor-cookies-cream-en-sachet-de-453g";"Suplemento En Polvo Ena Sport True Made Proteínas Sabor Cookies & Cream En Sachet De 453g";"Marcas > Suplementos Nacionales Deportivos > Ena, Suplementos > Proteínas";"Sabor";"Cookies & Cream";"";"";"";"";"49,412.00";"46,941.00";"0.50";"0.00";"0.00";"0.00";"17";"ENA0 TRUEMADE 453G COOK";"";"SI";"NO";"*Envíos a todo el país.<br /> *15% de descuento abonando en efectivo / 5% de descuento abonando con transferencia.<br /> *Envíos gratis superando los $50.000 para CABA/GBA y entrega en el día comprando antes de las 10hs.<br /> *Envíos gratis superando los $70.000 para el interior del país.<br /> *3 cuotas sin interés en todos los productos.<br /> *Cupones exclusivos con descuentos!";"proteina, sabor-cookies-cream, tamano-454g";"";"";"Ena";"SI";"";"";"";"28,449.00"
"suplemento-en-polvo-ena-sport-true-made-proteinas-sabor-strawberry-milkshake-en-sachet-de-453g";"Suplemento En Polvo Ena Sport True Made Proteínas Sabor Strawberry Milkshake En Sachet De 453g";"Marcas > Suplementos Nacionales Deportivos > Ena, Suplementos > Proteínas";"Sabor ";"Strawberry Milkshake";"";"";"";"";"44,022.00";"41,820.00";"0.50";"0.00";"0.00";"0.00";"7";"ENA0 TRUEMADE 453G FRUTI";"";"SI";"NO";"*Envíos a todo el país.<br /> *15% de descuento abonando en efectivo / 5% de descuento abonando con transferencia.<br /> *Envíos gratis superando los $50.000 para CABA/GBA y entrega en el día comprando antes de las 10hs.<br /> *Envíos gratis superando los $70.000 para el interior del país.<br /> *3 cuotas sin interés en todos los productos.<br /> *Cupones exclusivos con descuentos!";"proteina, sabor-frutilla, tamano-454g";"";"";"Ena";"SI";"";"";"";"25,345.00"
"suplemento-en-polvo-ena-sport-true-made-proteinas-sabor-vanilla-ice-cream-en-sachet-de-453g";"Suplemento En Polvo Ena Sport True Made Proteínas Sabor Vanilla Ice Cream En Sachet De 453g";"Marcas > Suplementos Nacionales Deportivos > Ena, Suplementos > Proteínas";"Sabor";"Vanilla Ice Cream";"";"";"";"";"49,412.00";"46,941.00";"0.50";"0.00";"0.00";"0.00";"22";"ENA0 TRUEMADE 453G VAINI";"7792216653486";"SI";"NO";"*Envíos a todo el país.<br /> *15% de descuento abonando en efectivo / 5% de descuento abonando con transferencia.<br /> *Envíos gratis superando los $50.000 para CABA/GBA y entrega en el día comprando antes de las 10hs.<br /> *Envíos gratis superando los $70.000 para el interior del país.<br /> *3 cuotas sin interés en todos los productos.<br /> *Cupones exclusivos con descuentos!";"proteina, sabor-vainilla, tamano-454g";"";"";"Ena";"SI";"";"";"";"15,466.00"
"suplemento-en-polvo-ena-sport-true-made-proteinas-double-rich-en-pote-de-930g";"Suplemento En Polvo Ena Sport True Made Proteínas Double Rich En Pote De 930g";"Marcas > Suplementos Nacionales Deportivos > Ena, Suplementos > Proteínas";"Sabor";"Cookies & Cream";"";"";"";"";"94,331.00";"89,614.00";"0.50";"0.00";"0.00";"0.00";"26";"ENA0 POTE 930G COOK";"7792981062025";"SI";"NO";"<p><strong>Beneficios principales:</strong></p>
<ol>
<li><strong>Desarrollo muscular:</strong> Las prote&iacute;nas de suero de leche de alta calidad ayudan a promover el crecimiento y la reparaci&oacute;n muscular despu&eacute;s del ejercicio.</li>
<li><strong>Recuperaci&oacute;n mejorada:</strong> Contribuye a una recuperaci&oacute;n m&aacute;s r&aacute;pida y efectiva despu&eacute;s del entrenamiento intenso.</li>
<li><strong>Apoyo nutricional:</strong> Proporciona una fuente conveniente de prote&iacute;nas para complementar la ingesta diaria y apoyar las necesidades nutricionales de los deportistas.</li>
</ol>
<p><strong>Ingredientes clave:</strong></p>
<ul>
<li><strong>Prote&iacute;nas de suero de leche:</strong> Fuente de prote&iacute;nas completa y de alta calidad, rica en amino&aacute;cidos esenciales para la construcci&oacute;n muscular y la recuperaci&oacute;n.</li>
</ul>
<p><strong>Modo de uso:</strong></p>
<ul>
<li>Mezclar 31 gramos (aproximadamente dos cucharadas) con agua, leche o tu bebida preferida.</li>
<li>Consumir despu&eacute;s del entrenamiento o como parte de una comida equilibrada.</li>
</ul>
<p><strong>Caracter&iacute;sticas especiales:</strong></p>
<ul>
<li><strong>Sabor irresistible:</strong> Deliciosa variedad de sabores doblemente rico que hace que cada batido sea una delicia.</li>
<li><strong>Alta concentraci&oacute;n:</strong> Cada porci&oacute;n proporciona una cantidad significativa de prote&iacute;nas para satisfacer las necesidades de los atletas y entusiastas del fitness.</li>
</ul>
<p><strong>Perfil nutricional (por porci&oacute;n de 31g):</strong></p>
<ul>
<li><strong>Valor energ&eacute;tico:</strong> 123 kcal</li>
<li><strong>Prote&iacute;nas:</strong> 25 g</li>
<li><strong>Carbohidratos:</strong> 2.7 g</li>
<li><strong>Grasas:</strong> 2.5 g</li>
<li><strong>Minerales:</strong> 183 mg de potasio, 92 mg de f&oacute;sforo, 60 mg de sodio</li>
</ul>
<p><strong>Sabor y presentaci&oacute;n:</strong></p>
<ul>
<li><strong>Sabor:</strong> Chocolate, Cookies, Banana, Frutilla y Vainilla.</li>
<li><strong>Presentaci&oacute;n:</strong> Pote de 930 g.</li>
</ul>
<p><strong>Advertencias y precauciones:</strong></p>
<ul>
<li>No exceder la dosis recomendada.</li>
<li>No apto para personas al&eacute;rgicas a la leche y sus derivados.</li>
<li>Consultar con un profesional de la salud antes de usar si est&aacute; embarazada, en per&iacute;odo de lactancia o tiene alguna condici&oacute;n m&eacute;dica preexistente.</li>
</ul>
<p><strong>Disfruta de una recuperaci&oacute;n &oacute;ptima y un apoyo nutricional de calidad con True Made de ENA Sport. Perfecto para tus necesidades deportivas y de fitness.</strong></p>";"Crecimiento muscular, Doble chocolate, Ena, ENA Sport, ENA True Made, proteina, Proteina en Polvo, Proteinas 930g, Recuperacion muscular, sabor-cookies-cream, Suplemento deportivo, Suplemento Nutricional, Suplemento proteico";"Proteína en Polvo ENA Sport | 930g | Doble Chocolate";"Maximiza tu rendimiento con la Proteína en Polvo ENA Sport. Con su delicioso sabor a doble chocolate, este suplemento de 930g te brinda las proteínas necesarias para la recuperación muscular y el crecimiento. ¡Añade potencia a tu entrenamiento!";"Ena";"SI";"";"";"";"54,311.00"
"suplemento-en-polvo-ena-sport-true-made-proteinas-double-rich-en-pote-de-930g";"";"";"Sabor";"Vanilla Ice Cream";"";"";"";"";"94,331.00";"89,614.00";"0.50";"0.00";"0.00";"0.00";"190";"ENA0 POTE 930G VAINI";"7792216653486";"";"";"";"proteina, sabor-vainilla";"";"";"";"";"";"";"";"54,311.00"
"suplemento-en-polvo-ena-sport-true-made-proteinas-double-rich-en-pote-de-930g";"";"";"Sabor";"Banana Shake";"";"";"";"";"94,331.00";"89,614.00";"0.50";"0.00";"0.00";"0.00";"0";"ENA0 POTE 930G BANA";"";"";"";"";"proteina, sabor-banana";"";"";"";"";"";"";"";"54,311.00"
"suplemento-en-polvo-ena-sport-true-made-proteinas-double-rich-en-pote-de-930g";"";"";"Sabor";"Strawberry Milkshake";"";"";"";"";"94,331.00";"89,614.00";"0.50";"0.00";"0.00";"0.00";"0";"ENA0 POTE 930G FRUTI";"";"";"";"";"proteina, sabor-frutilla";"";"";"";"";"";"";"";"54,311.00"
"suplemento-en-polvo-ena-sport-true-made-proteinas-double-rich-en-pote-de-930g";"";"";"Sabor";"Double Rich Chocolate";"";"";"";"";"94,331.00";"89,614.00";"0.50";"0.00";"0.00";"0.00";"0";"ENA0 POTE 930G CHOCO";"7792216653486";"";"";"";"proteina, sabor-chocolate";"";"";"";"";"";"";"";"54,311.00"
"suplemento-en-polvo-star-nutrition-platinum-whey-protein-907g";"Suplemento En Polvo Star Nutrition Platinum Whey Protein 907g";"Marcas > Suplementos Nacionales Deportivos > Star Nutrition, Suplementos > Proteínas";"Sabor";"Banana";"";"";"";"";"66,328.00";"63,011.00";"1.00";"0.00";"0.00";"0.00";"9";"STARNU0 907G BANA";"";"SI";"NO";"<p><strong>Beneficios principales:</strong></p>
<ol>
<li><strong>Incremento de la masa muscular:</strong> Proporciona 25g de prote&iacute;nas de alta calidad por porci&oacute;n, esenciales para el crecimiento y la reparaci&oacute;n muscular.</li>
<li><strong>Mejora del rendimiento:</strong> Ayuda a mejorar la recuperaci&oacute;n y el rendimiento en actividades deportivas y entrenamientos intensos.</li>
<li><strong>F&aacute;cil digesti&oacute;n:</strong> Formulado con prote&iacute;nas de suero de leche hidrolizadas para una absorci&oacute;n m&aacute;s r&aacute;pida y eficiente.</li>
<li><strong>Bajo en carbohidratos y grasas:</strong> Ideal para quienes buscan mantener una dieta baja en carbohidratos y grasas sin sacrificar la ingesta de prote&iacute;nas.</li>
</ol>
<p><strong>Ingredientes clave:</strong></p>
<ul>
<li>Ultra concentrado de prote&iacute;na de suero l&aacute;cteo</li>
<li>Aislado de prote&iacute;na de suero de leche</li>
<li>Hidrolizado de prote&iacute;na de suero l&aacute;cteo</li>
<li>Sucralosa</li>
<li>Acesulfame de potasio</li>
</ul>
<p><strong>Modo de uso:</strong></p>
<ul>
<li>Mezclar una porci&oacute;n (30g) con 300 mL de agua, leche o su bebida preferida.</li>
<li>Consumir inmediatamente despu&eacute;s del entrenamiento o seg&uacute;n las indicaciones de un nutricionista o entrenador.</li>
</ul>
<p><strong>Caracter&iacute;sticas especiales:</strong></p>
<ul>
<li><strong>Ultra concentrado y hidrolizado:</strong> Asegura una r&aacute;pida absorci&oacute;n y biodisponibilidad.</li>
<li><strong>Libre de gluten:</strong> Apto para personas con sensibilidad al gluten.</li>
<li><strong>Sabor delicioso:</strong> Disponible en sabor ""Vanilla Ice Cream"" para una experiencia de consumo agradable.</li>
</ul>
<p><strong>Perfil nutricional (por porci&oacute;n de 30g):</strong></p>
<ul>
<li><strong>Valor energ&eacute;tico:</strong> 127 kcal</li>
<li><strong>Prote&iacute;nas:</strong> 25 g</li>
<li><strong>Carbohidratos:</strong> 2.6 g (0 g az&uacute;cares)</li>
<li><strong>Grasas totales:</strong> 1.8 g (0 g grasas saturadas, 0 g grasas trans)</li>
<li><strong>Colesterol:</strong> 0 g</li>
<li><strong>Sodio:</strong> 60 mg</li>
<li><strong>Potasio:</strong> 180 mg</li>
<li><strong>Amino&aacute;cidos por porci&oacute;n:</strong> Incluye amino&aacute;cidos esenciales y no esenciales como Alanina, Arginina, Cistina, Glicina, Histidina, Isoleucina, Leucina, Lisina, Metionina, Prolina, Serina, Treorina, Tript&oacute;fano, Fenilalanina, &Aacute;cido Asp&aacute;rtico y &Aacute;cido Glut&aacute;mico.</li>
</ul>
<p><strong>Sabor y presentaci&oacute;n:</strong></p>
<ul>
<li><strong>Sabor:</strong> Vanilla Ice Cream, Frutilla, Chocolate, Banana y Cookies &amp; Cream.</li>
<li><strong>Presentaci&oacute;n:</strong> Pote de 907g, proporcionando aproximadamente 30 porciones.</li>
</ul>
<p><strong>Advertencias y precauciones:</strong></p>
<ul>
<li><strong>Edad m&iacute;nima recomendada:</strong> 18 a&ntilde;os.</li>
<li><strong>Uso recomendado:</strong> Deportivo.</li>
<li><strong>Almacenamiento:</strong> Mantener en un lugar fresco y seco, fuera del alcance de los ni&ntilde;os.</li>
<li><strong>Consulta m&eacute;dica:</strong> Consultar con un profesional de la salud antes de usar si est&aacute; embarazada, en per&iacute;odo de lactancia o si tiene alguna condici&oacute;n m&eacute;dica preexistente.</li>
<li><strong>Al&eacute;rgenos:</strong> Contiene derivados de leche.</li>
<li><strong>No apto para:</strong> Personas en per&iacute;odo de embarazo o lactancia.</li>
</ul>
<p><strong>Star Nutrition Platinum Whey Protein</strong> es una opci&oacute;n premium para aquellos que buscan una prote&iacute;na de alta calidad para apoyar sus objetivos de fitness y nutrici&oacute;n. Con su f&oacute;rmula avanzada y delicioso sabor, es la elecci&oacute;n perfecta para mejorar tu rendimiento y recuperaci&oacute;n muscular.</p>";"proteina, sabor-banana, star nutrition";"Star Nutrition Platinum Whey Protein 907g | Suplemento en Polvo";"Maximiza tu rendimiento con Star Nutrition Platinum Whey Protein 907g. Este suplemento en polvo de alta calidad ayuda a incrementar la masa muscular, mejorar la recuperación y potenciar tus entrenamientos. Ideal para atletas y entusiastas del fitness que buscan resultados óptimos.";"Star Nutrition";"SI";"";"";"";"38,188.00"
"suplemento-en-polvo-star-nutrition-platinum-whey-protein-907g";"";"";"Sabor";"Chocolate";"";"";"";"";"66,328.00";"63,011.00";"1.00";"0.00";"0.00";"0.00";"0";"STARNU0 907G CHOCO";"619660878777";"";"";"";"proteina, sabor-chocolate";"";"";"";"";"";"";"";"38,188.00"
"suplemento-en-polvo-star-nutrition-platinum-whey-protein-907g";"";"";"Sabor";"Cookies & cream";"";"";"";"";"66,328.00";"63,011.00";"1.00";"0.00";"0.00";"0.00";"71";"STARNU0 907G COOK";"";"";"";"";"proteina, sabor-cookies-cream";"";"";"";"";"";"";"";"38,188.00"
"suplemento-en-polvo-star-nutrition-platinum-whey-protein-907g";"";"";"Sabor";"Frutilla";"";"";"";"";"66,328.00";"63,011.00";"1.00";"0.00";"0.00";"0.00";"0";"STARNU0 907G FRUTI";"619660878791";"";"";"";"proteina, sabor-frutilla";"";"";"";"";"";"";"";"38,188.00"
"suplemento-en-polvo-star-nutrition-platinum-whey-protein-907g";"";"";"Sabor";"Vainilla";"";"";"";"";"66,328.00";"63,011.00";"1.00";"0.00";"0.00";"0.00";"488";"STARNU0 907G VAINI";"619660878784";"";"";"";"proteina, sabor-vainilla";"";"";"";"";"";"";"";"38,188.00"
"suplemento-en-polvo-optimum-nutrition-gold-standard-100-whey-proteina-en-pote-de-2-27kg";"Suplemento En Polvo Optimum Nutrition Gold Standard 100% Whey Proteína En Pote De 2.27kg";"Marcas > Suplementos Importados > Optimum, Suplementos > Proteínas";"Sabor";"Extreme Milk Chocolate";"";"";"";"";"274,908.00";"261,162.00";"2.27";"0.00";"0.00";"0.00";"0";"OPTIM0 WHEY 2.27KG CHOCO";"";"SI";"NO";"*Envíos a todo el país.<br /> *15% de descuento abonando en efectivo / 5% de descuento abonando con transferencia.<br /> *Envíos gratis superando los $50.000 para CABA/GBA y entrega en el día comprando antes de las 10hs.<br /> *Envíos gratis superando los $70.000 para el interior del país.<br /> *3 cuotas sin interés en todos los productos.<br /> *Cupones exclusivos con descuentos!";"proteina, sabor-chocolate";"";"";"Optimum";"SI";"";"";"";"158,280.00"
"suplemento-en-polvo-optimum-nutrition-gold-standard-100-whey-proteina-en-pote-de-2-27kg";"";"";"Sabor";"Cookies & Cream";"";"";"";"";"274,908.00";"261,162.00";"2.27";"0.00";"0.00";"0.00";"0";"OPTIM0 WHEY 2.27KG COOK";"";"";"";"";"proteina, sabor-cookies-cream";"";"";"";"";"";"";"";"158,280.00"
"suplemento-en-polvo-optimum-nutrition-gold-standard-100-whey-proteina-en-pote-de-2-27kg";"";"";"Sabor";"Strawberry";"";"";"";"";"274,908.00";"261,162.00";"2.27";"0.00";"0.00";"0.00";"0";"OPTIM0 WHEY 2.27KG FRUTI";"";"";"";"";"proteina, sabor-frutilla";"";"";"";"";"";"";"";"158,280.00"
"suplemento-en-polvo-optimum-nutrition-gold-standard-100-whey-proteina-en-pote-de-2-27kg";"";"";"Sabor";"Vanilla Ice Cream";"";"";"";"";"274,908.00";"261,162.00";"2.27";"0.00";"0.00";"0.00";"0";"OPTIM0 WHEY 2.27KG VAINI";"";"";"";"";"proteina, sabor-vainilla";"";"";"";"";"";"";"";"158,280.00"
"suplemento-en-polvo-optimum-nutrition-gold-standard-100-whey-en-pote-de-907g";"Suplemento En Polvo Optimum Nutrition Gold Standard 100% Whey En Pote De 907g";"Marcas > Suplementos Importados > Optimum, Suplementos > Proteínas";"Sabor";"Extreme Milk Chocolate";"";"";"";"";"127,655.00";"121,272.00";"1.00";"0.00";"0.00";"0.00";"0";"OPTIM0 907G CHOCO";"";"SI";"NO";"*Envíos a todo el país.<br /> *15% de descuento abonando en efectivo / 5% de descuento abonando con transferencia.<br /> *Envíos gratis superando los $50.000 para CABA/GBA y entrega en el día comprando antes de las 10hs.<br /> *Envíos gratis superando los $70.000 para el interior del país.<br /> *3 cuotas sin interés en todos los productos.<br /> *Cupones exclusivos con descuentos!";"proteina, sabor-chocolate";"";"";"Optimum";"SI";"";"";"";"73,498.00"
"suplemento-en-polvo-optimum-nutrition-gold-standard-100-whey-en-pote-de-907g";"";"";"Sabor";"Cookies & Cream";"";"";"";"";"127,655.00";"121,272.00";"1.00";"0.00";"0.00";"0.00";"0";"OPTIM0 907G COOK";"";"";"";"";"proteina, sabor-cookies-cream";"";"";"";"";"";"";"";"73,498.00"
"suplemento-en-polvo-optimum-nutrition-gold-standard-100-whey-en-pote-de-907g";"";"";"Sabor";"Delicious Strawberry";"";"";"";"";"127,655.00";"121,272.00";"1.00";"0.00";"0.00";"0.00";"0";"OPTIM0 907G FRUTI";"";"";"";"";"proteina, sabor-frutilla";"";"";"";"";"";"";"";"73,498.00"
"suplemento-en-polvo-optimum-nutrition-gold-standard-100-whey-en-pote-de-907g";"";"";"Sabor";"Mocha Cappuccino";"";"";"";"";"127,655.00";"121,272.00";"1.00";"0.00";"0.00";"0.00";"0";"OPTIM0 907G MOCHA";"";"";"";"";"proteina";"";"";"";"";"";"";"";"73,498.00"
"suplemento-en-polvo-optimum-nutrition-gold-standard-100-whey-en-pote-de-907g";"";"";"Sabor";"Vanilla Ice Cream";"";"";"";"";"127,655.00";"121,272.00";"1.00";"0.00";"0.00";"0.00";"0";"OPTIM0 907G VAINI";"";"";"";"";"proteina, sabor-vainilla";"";"";"";"";"";"";"";"73,498.00"
"proteina-de-suero-whey-protein-star-nutrition-doypack-x-2-lb";"Proteina De Suero Whey Protein Star Nutrition Doypack X 2 Lb";"Marcas > Suplementos Nacionales Deportivos > Star Nutrition, Suplementos > Proteínas";"Sabor";"Banana";"";"";"";"";"61,789.00";"58,699.00";"1.00";"0.00";"0.00";"0.00";"79";"STARNU0 DOY BANA";"";"SI";"NO";"<p><strong>Beneficios Principales</strong>:</p>
<ul>
<li>Promueve el crecimiento y la recuperaci&oacute;n muscular.</li>
<li>Ayuda a mantener y desarrollar masa muscular magra.</li>
<li>Facilita la s&iacute;ntesis de prote&iacute;nas despu&eacute;s del entrenamiento.</li>
<li>Apoya la saciedad y la gesti&oacute;n del peso.</li>
</ul>
<p><strong>Ingredientes Clave</strong>:</p>
<ul>
<li>Mezcla de Prote&iacute;na de Suero Concentrada y Aislada.</li>
</ul>
<p><strong>Modo de Uso</strong>:</p>
<ul>
<li>Mezclar una porci&oacute;n (aproximadamente 30g) con 200-250 ml de agua o leche descremada.</li>
<li>Consumir una o dos veces al d&iacute;a, preferiblemente despu&eacute;s del entrenamiento y/o entre comidas.</li>
</ul>
<p><strong>Caracter&iacute;sticas Especiales</strong>:</p>
<ul>
<li><strong>Mezcla de Prote&iacute;nas de Alta Calidad</strong>: Combina prote&iacute;na de suero concentrada y aislada para una absorci&oacute;n r&aacute;pida y sostenida.</li>
<li><strong>F&aacute;cil de Mezclar</strong>: Se disuelve f&aacute;cilmente en l&iacute;quidos sin dejar grumos ni residuos.</li>
<li><strong>Vers&aacute;til</strong>: Puede ser utilizada en batidos, smoothies, recetas de reposter&iacute;a y m&aacute;s.</li>
</ul>
<p><strong>Perfil Nutricional</strong> (por porci&oacute;n de 30g):</p>
<ul>
<li>Calor&iacute;as: 127</li>
<li>Prote&iacute;nas: 25g</li>
<li>Carbohidratos: 2.6g</li>
<li>Grasas: 1.8g</li>
<li>Az&uacute;cares: 0g</li>
<li>Fibra Diet&eacute;tica: 0g</li>
</ul>
<p><strong>Sabor y Presentaci&oacute;n</strong>:</p>
<ul>
<li><strong>Sabor</strong>: Banana, Chocolate suizo, Cookies &amp; Cream, Frutilla y Vainilla Ice.</li>
<li><strong>Presentaci&oacute;n</strong>: Doypack X 2 Lb (908g), aproximadamente 30 porciones por envase.</li>
</ul>
<p><strong>Advertencias y Precauciones</strong>:</p>
<ul>
<li>No exceder la dosis recomendada.</li>
<li>Consultar a un m&eacute;dico antes de usar si est&aacute; embarazada, en periodo de lactancia o tiene alguna condici&oacute;n m&eacute;dica preexistente.</li>
<li>Mantener fuera del alcance de los ni&ntilde;os.</li>
<li>Almacenar en un lugar fresco y seco, alejado de la luz solar directa.</li>
</ul>";"proteina, sabor-banana, star nutrition, tamano-907g";"Proteína de Suero Whey Protein - Calidad Premium para tu Músculo";"Maximiza tu crecimiento muscular y recuperación con nuestra Whey Protein de suero de alta calidad. Ideal para atletas y aficionados al fitness, este suplemento proporciona proteínas esenciales para aumentar la masa muscular y mejorar el rendimiento. ¡Potencia tus entrenamientos con la mejor nutrición";"Star Nutrition";"SI";"";"";"";"35,575.00"
"proteina-de-suero-whey-protein-star-nutrition-doypack-x-2-lb";"";"";"Sabor";"Chocolate suizo";"";"";"";"";"61,789.00";"58,699.00";"1.00";"0.00";"0.00";"0.00";"569";"STARNU0 DOY CHOCO";"619660878975";"";"";"";"proteina, sabor-chocolate, tamano-907g";"";"";"";"";"";"";"";"35,575.00"
"proteina-de-suero-whey-protein-star-nutrition-doypack-x-2-lb";"";"";"Sabor";"Cookies & Cream";"";"";"";"";"61,789.00";"58,699.00";"1.00";"0.00";"0.00";"0.00";"550";"STARNU0 DOY COOK";"617395130573";"";"";"";"proteina, sabor-cookies-cream, tamano-907g";"";"";"";"";"";"";"";"35,575.00"
"proteina-de-suero-whey-protein-star-nutrition-doypack-x-2-lb";"";"";"Sabor";"Frutilla";"";"";"";"";"61,789.00";"58,699.00";"1.00";"0.00";"0.00";"0.00";"288";"STARNU0 DOY FRUTI";"617395130559";"";"";"";"proteina, sabor-frutilla, tamano-907g";"";"";"";"";"";"";"";"35,575.00"
"proteina-de-suero-whey-protein-star-nutrition-doypack-x-2-lb";"";"";"Sabor";"Vainilla Ice";"";"";"";"";"61,789.00";"58,699.00";"1.00";"0.00";"0.00";"0.00";"363";"STARNU0 DOY VAINI";"619660878968";"";"";"";"proteina, sabor-vainilla, tamano-907g";"";"";"";"";"";"";"";"35,575.00"
"proteina-vital-whey-woman-colageno-hidrolizado-454-gr";"Proteina Vital Whey Woman + Colageno Hidrolizado 454 Gr.";"Marcas > Suplementos Importados > Woman, Suplementos > Proteínas";"Sabor";"Vainilla";"";"";"";"";"39,000.00";"37,050.00";"0.50";"0.00";"0.00";"0.00";"7";"WOMAN0 PROTE VAINILLA";"0617395134342";"NO";"NO";"<p>Vencimiento 09/10/25.</p>
<p>&nbsp;</p>
<p>*Env&iacute;os a todo el pa&iacute;s.<br />*15% de descuento abonando en efectivo / 5% de descuento abonando con transferencia.<br />*Env&iacute;os gratis superando los $50.000 para CABA/GBA y entrega en el d&iacute;a comprando antes de las 10hs.<br />*Env&iacute;os gratis superando los $70.000 para el interior del pa&iacute;s.<br />*3 cuotas sin inter&eacute;s en todos los productos.<br />*Cupones exclusivos con descuentos!</p>";"proteina, sabor-vainilla, tamano-454g";"";"";"Woman Supplements";"SI";"";"";"";"21,574.00"
